,0,1
0,Gacy,42
1,Mailman,84
2,Barky,1
3,Chef's dad,76
4,Scout Leader,3
5,Lil Mr. Garrison,17
6,Garrison Actor,7
7,Jamie Oliver,20
8,Nicki,7
9,The kids,4
10,Theme,4
11,"Stan, Kyle, Kenny",7
12,News Announcer,9
13,Bailey,49
14,Other campers,1
15,Little Chef,62
16,Jukebox,26
17,OC Member,4
18,Spectators,4
19,Water Tester,165
20,Mr. Fun,85
21,Vince,53
22,A Red Wing,4
23,Carlos Mencia,78
24,"Mysterion, the Coon",6
25,BB Founder,124
26,Casey,143
27,Club Members,2
28,Host,347
29,Shopper 3,39
30,Shopper 4,41
31,Shopper 5,9
32,Shopper 6,34
33,Shopper 7,19
34,Shopper 8,4
35,Shopper 9,8
36,Popeye,6
37,Joe,374
38,Kindergartners,43
39,Mother Lion,5
40,Pilgrim,35
41,Female passenger,15
42,Iraqi Man 2,2
43,Iraqi Man 1,2
44,News Anchor,452
45,Female Staffer,12
46,"Scott, Tyler",1
47,Teen Girl 1,36
48,Teen Girl 2,26
49,Anchor Man,77
50,Inductees,17
51,Dan Akawa,91
52,Black Man,13
53,Thomas,443
54,"A singer, Goth Kids (singing)",11
55,Van Gelder,49
56,Chairman,272
57,Frog King,186
58,Black Player,15
59,Mrs. Streibel,7
60,Deckhand,5
61,Cowboys,5
62,Paul,68
63,Doorman,39
64,Harvey Brown,102
65,Pinkerton,133
66,Mitch,127
67,Toothpaste,6
68,Taller man,10
69,Passer-by,4
70,Bloodrayne,21
71,Cruise Attendant,14
72,Guy with Long Hair,3
73,Tape,30
74,Craig's father,2
75,Red-Haired Woman,24
76,Collins,1
77,An Elderly Man,1
78,Joozian 2,90
79,Joozian 1,128
80,Wonder Woman,16
81,Redneck 9,9
82,Redneck 8,16
83,Kelly Menskin,1
84,Fireman,50
85,Redneck 1,6
86,Mr. Tenorman,38
87,Redneck 3,3
88,Zeus,30
89,Redneck 5,15
90,Redneck 4,9
91,Denver Goalie,5
92,Redneck 6,8
93,Lab Tech,19
94,Mall Hankey,42
95,Sally,154
96,Guy in Audience,2
97,Ferrari,7
98,Ostrich-baby,3
99,Executor,73
100,Tweek,520
101,Gelgamek Cardinal,42
102,Emcee,17
103,Chief Justice,115
104,Her crotch,49
105,Flannagan,27
106,Ginger Boy 2,17
107,Geoff Hamill,121
108,Paul Harris,50
109,American Female,10
110,Haman,9
111,Younger Daughter,6
112,Jenny's Mother,12
113,Road Warrior Queef,21
114,Mitt,46
115,Archangel,13
116,Group,60
117,Trainer 3,13
118,Trainer 1,49
119,Anchorwoman,13
120,Sixth Graders 2/3,1
121,Scoutmaster 1,16
122,"Randy, Stan",8
123,Scoutmaster 2,27
124,Satan,795
125,Pharmacist,162
126,UAA Member 2,1
127,UAA Member 1,28
128,Matt Lauer,54
129,Colleague,3
130,Left Breast,17
131,Classmates,1
132,Diner 1,14
133,Ranger,40
134,Shopper 2,49
135,Squirt 1,8
136,The Wise One,63
137,Other Goths,1
138,Man In Middle,16
139,Vernon,33
140,Driver 3's Passenger,13
141,Stab,17
142,Diners,7
143,Brunet Boy,17
144,Spirit 2,31
145,Stan,5111
146,Geologist 1,10
147,Board Member,29
148,Steve Irwin,17
149,Chinese Commentator,110
150,A Boy,96
151,Christine,73
152,Purple Hare 2,5
153,Sawitsky,66
154,Male Crew 1,8
155,Person,81
156,Dr. Land,46
157,"Jimbo, Ned",2
158,Akmarh,115
159,Breeder,90
160,Frat Boys,1
161,Secretary 1,9
162,All the kids,1
163,Dimitri,21
164,Female Anchor,24
165,FBI agent,6
166,Cornwallis,101
167,A few others,1
168,Motorcycle Driver,1
169,Revelers,6
170,Muhammad,4
171,Older Man,97
172,Mephesto Actor,13
173,Veteran Guard,125
174,Stockbroker,63
175,Ms. Choksondik,687
176,Ozzy,61
177,Jimbo,1525
178,Old Cap,144
179,Anchor Tom,188
180,Ninja 1,3
181,Posse,21
182,Ralph,22
183,Jerry,24
184,Brian,311
185,Johnny Knoxville,11
186,LSX Reporter,7
187,Agent Clark,77
188,Mr. Garrison,2437
189,Goateed man,16
190,Pianist,15
191,Jarvis,19
192,Fan wearing a blue star,5
193,Canadian PM,88
194,Junjun,29
195,Older Daughter,10
196,Female Agent 2,26
197,Female CPS Agent,16
198,Jordan,3
199,Jack,173
200,Israeli 2,8
201,Suicide 5,1
202,Suicide 4,1
203,Skeeter,434
204,Suicide 6,1
205,Suicide 1,5
206,Suicide 3,1
207,Suicide 2,1
208,KoRn,6
209,Dylan,28
210,Mr. Geiger,10
211,Lucas,39
212,Ted Koppel,114
213,Castro,5
214,Native American Chief,23
215,Players,2
216,Sparkly Vampire,32
217,Guy in Leather Jacket,2
218,Refugee Man 4,28
219,Mr. Jefferson,5
220,Jersey Man,22
221,Chocolate Rain Guy,60
222,Teen 2,32
223,All,139
224,Mrs. Garrsion,31
225,Glen Dumont,186
226,Teen 1,45
227,Mitch Conner,235
228,Luke,40
229,Smalls,115
230,Murderin' Murphy,37
231,John Garner,134
232,Willy,27
233,Brazil,2
234,Recruiter,27
235,Teen Boy 6,66
236,News Reporter,42
237,A Voice,86
238,Rich kid,23
239,Iggy's Ass,7
240,Gardener,114
241,Mr. Black,19
242,Eric Cartman,54
243,Smithy,65
244,Whistlin' Willy,19
245,Schroeder,2
246,Boombox,62
247,Drew,24
248,Indiglo Girls singer,8
249,Bat dad,21
250,Harris,136
251,Flight Attendant 3,6
252,Flight Attendant 2,3
253,Flight Attendant 1,7
254,Helen,4
255,Judge,343
256,Televangelist,14
257,Burns,45
258,Other Musicians,6
259,Spontaneous Bootay,3
260,Kids,206
261,Barbra Streisand,221
262,Pirate voice,32
263,Old Man,17
264,Mrs. Cotswolds,50
265,Photographer 1,3
266,Man 11,79
267,Man 10,89
268,Mrs. Miller,94
269,Man 12,48
270,Man 15,19
271,Man 14,38
272,Man 17,7
273,President,621
274,Brunet Man,10
275,Man 18,4
276,GRRM,227
277,Gary Sr,22
278,Some KKK members,1
279,Quint 4,4
280,Quint 5,12
281,Quint 2,49
282,Wayne D,55
283,Teen Boy,43
284,Quint 1,45
285,Les Claypool,35
286,Older sister,1
287,"Wendy, Cartman",8
288,Bum 18,1
289,Bum 11,4
290,Bum 10,1
291,Bum 13,6
292,Bum 12,2
293,Bum 15,1
294,Bum 14,7
295,Bum 17,3
296,Bum 16,3
297,Sparky,3
298,Elton,177
299,Duncan,31
300,Head of Programming,83
301,Citizen,12
302,Det. Jarvis,72
303,George Lucas,97
304,Woman 2,169
305,Derek,28
306,Denver Fans,1
307,Tactical Officer,15
308,Biker 8,6
309,Neo 2,17
310,Yoko Ono,68
311,Gino,49
312,Other man,3
313,Clerk,492
314,"Tweek, Craig",1
315,William,60
316,A ring tone,4
317,Glinda,27
318,Thomas McElroy,10
319,Woman 8,1
320,Twirler 2,25
321,Girl 1,91
322,Girl 2,45
323,Girl 3,25
324,SWAT Hansen,12
325,Twirler 4,9
326,Vanity,64
327,The Pope,10
328,The Minotaur,37
329,Blond,133
330,Head Adventurer,36
331,UAA 1,18
332,Blonde Girl,90
333,Worm,20
334,Bailiff,9
335,Minister of Sports,30
336,Jim Lehrer,66
337,The Girls,25
338,Prof. Thomas,127
339,Coucilman,13
340,Towelie,387
341,South Korea,2
342,Other fans,2
343,Mickey,225
344,Frakes,9
345,The Situation,20
346,Replacement Friend,2
347,Chad,70
348,Foofa,70
349,Bald Guy,19
350,Shoe Salesman,22
351,Girlfriend,43
352,Varashnu,18
353,Blond Cop,5
354,Director 10,6
355,Rick...,5
356,Programmer 5,8
357,Mr. Twig,56
358,Adolf,26
359,Zytar,41
360,"Heidi, Millie",2
361,Romanian Protesters,4
362,A hippie,17
363,Member 6,8
364,Member 7,38
365,Member 4,1
366,Member 5,23
367,Male Staffer,50
368,Member 3,46
369,"Red, Annie",1
370,The Guys,1
371,Voguing Skier,20
372,Student 1,38
373,Student 2,17
374,Student 3,1
375,Younger Man,7
376,Japanese Sailor,3
377,Lieutenant,6
378,WCB President,52
379,Martha Stewart,124
380,Kyle.,3
381,Clerk 3,64
382,Uncle,8
383,Chef Actor,35
384,Emperor Akihito,150
385,Clerk 4,67
386,Really Shocked Man,2
387,Rebecca,191
388,Henrietta,378
389,Bodyguard,3
390,Liane and Eric,13
391,Teen boy,17
392,Reenactor 4,1
393,Reenactor 2,1
394,Reenactor 3,1
395,Reenactor 1,1
396,Date,4
397,Edge,36
398,Gene,20
399,Waitress,129
400,Mr. Connolly,342
401,Denver Player,8
402,Blind Man,5
403,Patron,26
404,Matthew,4
405,Ganz,133
406,Craig,842
407,Kyles,1
408,Stephen Abootman,304
409,Fr. Maxi,19
410,Dr Adams,23
411,Singers (Widelife),31
412,Usher,41
413,Some Kids,1
414,Mr. Billings,144
415,Steve Nelson,14
416,Madonna,5
417,Cody,108
418,Caller 2,17
419,"Kyle, Cartman",12
420,Ms. Williams,21
421,Fillmore and Friend,1
422,Shelly,524
423,Nick Jabs,16
424,Darth Chef,23
425,Crowd Members,1
426,Crip 1,2
427,Angels,4
428,Boy Slave,12
429,Otter 3,4
430,Otter 2,4
431,Joanie,2
432,Junichi,86
433,Peter Griffin,20
434,Taller Boy,36
435,Russel Crowe,19
436,Hammerhead Man,5
437,Billy Mays,150
438,Manager,342
439,Donald Rumsfeld,5
440,Band,7
441,Minister,379
442,Bea Arthur,2
443,Programmer 3,6
444,Donald T. Brown,13
445,Tall Crip,10
446,Paolo Captain,39
447,Brandon Carlile,101
448,Alarm,13
449,Confederates,2
450,Frederick,137
451,Lucy,37
452,Terrance,696
453,Tom Brady,5
454,Osama and the Taliban Soldiers,1
455,Rosemary,11
456,Girl,148
457,Stout Man,2
458,Woman With Brown Hair,52
459,Attorney,234
460,U.N. Leader,46
461,Linda Stotch,17
462,Charise,32
463,SP Cabbie,70
464,Head Concierge,9
465,Brad Paisley,26
466,Burger King Exec,12
467,Dr. Katz,61
468,China,22
469,Mr. Derp,54
470,Ghost 2,63
471,New Teacher,14
472,Pete,484
473,Redneck 2,4
474,Apple Man 2,3
475,Tim Burton,5
476,Stacy,3
477,Black Woman 2,7
478,Social Worker,65
479,Male Counselor,30
480,All three,8
481,Redneck 7,6
482,Dave,68
483,Anne,2
484,Damanta Unit 5,1
485,Fanciful Mayor,203
486,R. Wiley,55
487,Fifth Grader,65
488,Female Host,24
489,Other Vampires,2
490,Translator,28
491,Jakovasaur Kid 5,3
492,Others,22
493,Some men,5
494,Mick,63
495,Mrs. Weatherhead,61
496,Cartman's voice,4
497,Mr. Garrison Sr.,141
498,James Cameron,166
499,White Bailiff,7
500,Alien 2,24
501,Otter Leader,47
502,Alien 1,4
503,Frank Hammond,41
504,Announcer 2,74
505,Announcer 3,50
506,Announcer 1,97
507,al-Zawahri,41
508,Buddy 2,19
509,Buddy 1,7
510,Jakovasaur Boy,6
511,Expert 10,23
512,Husband,83
513,Mrs. Cartman,21
514,Crewman,7
515,Corporate Head,20
516,SWAT Officer 5,3
517,SWAT Officer 4,10
518,Jabs,72
519,Eric Roberts (as Kevin!),22
520,SWAT Officer 1,12
521,Agent,317
522,SWAT Officer 2,107
523,Louse 13,16
524,Louse 12,48
525,Louse 11,8
526,Louse 10,12
527,His Date,11
528,Weasel,5
529,Reveler 1,1
530,Reveler 2,7
531,Reveler 3,1
532,Reveler 4,1
533,Reveler 5,1
534,The Giant,8
535,Glen,77
536,Dean Howland,48
537,Male 2,23
538,Hippie,49
539,KFC Exec,43
540,Another fan,1
541,David Lee Roth,17
542,A cat,1
543,Denver Guard,7
544,A fan,3
545,Agent 4,40
546,Agent 5,21
547,Agent 6,44
548,Agent 7,29
549,PeTA Man,3
550,Agent 1,132
551,Agent 2,139
552,Agent 3,41
553,Butler,175
554,Man 25,4
555,Man 26,4
556,Man 27,4
557,Agent 8,20
558,Agent 9,10
559,Man 22,4
560,Profile 3,1
561,Worker 2,135
562,Worker 3,29
563,Worker 1,155
564,Somebody,3
565,Worker 4,30
566,Walsky,42
567,Profile 1,9
568,The KKK,4
569,The Nerds,1
570,Mrs. Farnickle,70
571,Police Officer 2,25
572,"Kyle, Kenny",4
573,Bebe,658
574,Angelina Jolie,2
575,Inductee,1
576,Tom Davis,57
577,Chris,659
578,Assistant,193
579,Mepehsto,13
580,Pilgrim Girl,1
581,Soldier,130
582,Mechanic,274
583,Ride operator,8
584,TV Announcer,75
585,Lead Scientist,148
586,Veronica,104
587,Michael Chertoff,338
588,Peter,322
589,Controller 2,24
590,Aide 2,203
591,Obese Man,2
592,DogPoo,39
593,Man with Mustache,7
594,British Cardinal,50
595,Laura,104
596,Britain,40
597,Karen,121
598,Computer,48
599,Wolf Blitzer,35
600,Camp Warden,110
601,Turd Sandwich,58
602,Charlie Sheen,18
603,Mrs. Polk,23
604,Lesbian 11,2
605,Convict 2,15
606,Miller,44
607,The three adults,1
608,Both Cartmans,4
609,Lorraine,6
610,Stormtrooper,1
611,Miner 2,23
612,Congregants,7
613,Yolanda,14
614,Romanian Official,50
615,Fiancée,82
616,Miner 3,34
617,Black Member,11
618,Tooth Decay,9
619,CIA Leader 2,64
620,The Men,3
621,Researcher 2,14
622,Researcher 3,3
623,Mr. Thompson,142
624,Front Desk Officer,24
625,Hillary,93
626,Cajun Shrimper,47
627,Patty,16
628,New kid,1
629,Q Money,53
630,Cous-Cous,12
631,Adams,77
632,KIT-9,33
633,Elvis' Hologram,17
634,CD,11
635,The group,5
636,Fisherman,21
637,Mr. Needlebaum,17
638,Stuart,573
639,Mr. Testaburger,111
640,Voice,199
641,Janitor,73
642,Secretary,104
643,Poodle,1
644,Cowlick Vamp,21
645,Fillmore,31
646,Steamy Nicks,4
647,Bald Convict,18
648,Hares,17
649,Elin,56
650,Slim Reporter,28
651,Hillary Clinton,38
652,Duncan Everton,18
653,Persian,3
654,Trent,143
655,FC Fat Player,7
656,Time Child,166
657,Lead Ginger,39
658,Hockey Player,13
659,Both,78
660,Horatio,45
661,Grandma Obama,9
662,Spokesman,87
663,Bush,269
664,Marklar Leader,46
665,Accordionist,4
666,All Gingers,1
667,ATF lead,148
668,Jacqueline,27
669,Jeffrey,96
670,Narrator,1483
671,Elders,8
672,Individual in crowd,5
673,Keenan,161
674,Terrance/Phillip,7
675,Pam,13
676,Fat Abbot,99
677,Scout,23
678,The Ladies,1
679,Ike,496
680,Male Guest,6
681,Man in Crowd,2
682,Polly Prissy Pants,24
683,Man 2 in Crowd,3
684,Man in Shorts,20
685,Woman 1,253
686,Danish Man,32
687,Woman 3,74
688,Señor Lopez,25
689,Woman 5,14
690,Woman 4,60
691,Woman 7,8
692,Woman 6,5
693,Fat Girl,28
694,VJ,26
695,Steve,392
696,Denver Team,1
697,Hollis,146
698,EFSM President,64
699,"Congressman 1, Cartman",8
700,UAL Leader,7
701,ManBearPig,5
702,Garrison,191
703,Gates,172
704,Officer 10,13
705,Cheetara,2
706,Black Bitch,33
707,"Mrs, Circlovich",10
708,Gavin,54
709,PewDiePie,126
710,Black kid,7
711,Male hippie,7
712,Bridon,144
713,Driver,409
714,Delivery Man,19
715,Lenora,3
716,Press Coordinator,14
717,UAL 3,23
718,Joanie Cunningham,2
719,Sarah,96
720,Other men,10
721,Dr. Neeland,89
722,Ghandi,10
723,A crewman,2
724,AARP member 3,3
725,AARP member 2,1
726,AARP member 1,4
727,Randy Newman,72
728,Trainer 2,6
729,Hotline Man,30
730,Brobee,10
731,Sheriff,13
732,Vivian,14
733,Lollipop King,66
734,Luke Skywalker,96
735,Boss,73
736,Crewman 3,27
737,Squirrely,104
738,A Few People,1
739,Robert Smith,47
740,"Thomas, Kyle",2
741,Newt,59
742,Krishna,74
743,Santa,324
744,Falcon,21
745,Gabriel,77
746,Athlete,14
747,Thumper,148
748,Alice,4
749,Subway Representative,65
750,Taylor,25
751,Officer 2,246
752,Wing,12
753,Seniors,13
754,A Girl,28
755,Miss Stevens,243
756,P. Sanchez,6
757,The Wizard,18
758,Barker,164
759,Girls' Table,30
760,Adams County,3
761,Kindergoth,22
762,Red Wings Coach,3
763,Steven,440
764,Operator,236
765,Stan and Kyle,15
766,Ranger Pete,56
767,Officer 4,78
768,Smoker,11
769,Prince,141
770,Badger,21
771,"Stan, Kyle, Cartman, Kenny",3
772,Sea Otters,2
773,Alien 3,1
774,Ensign,5
775,Campers,25
776,Man on Porto Potty,32
777,A Santa,33
778,Game Voice,7
779,Followers,14
780,Aussie Crewman,5
781,Bulter,7
782,Bar Patron,2
783,Lambtor,15
784,Field Reporter,864
785,"Jenny, Mark",1
786,Jim Brown-ish,81
787,Det. Yates,117
788,An Anchorman,17
789,Lamont,204
790,Right Breast,20
791,Male Host,42
792,Ho,5
793,Singers,345
794,Gandalf,42
795,Barkeep,106
796,Lamond,198
797,Blue Team,2
798,Driver 2,62
799,Elderly Man 10,3
800,Elderly Man 11,6
801,Wall-Mart,83
802,Stewie,8
803,Donald Trump,1
804,Mr Garrison,4
805,Lesbians,5
806,Man 20,4
807,Mackey,224
808,Man 32,4
809,Satan/Chris,1
810,Dr. Hallis,180
811,Amber,24
812,Laura Tucker,16
813,Jimmie Johnson,34
814,Butters,3639
815,Studio Audience,7
816,Mr. Hat 2,7
817,Mr. Hat 1,7
818,Reporter,1344
819,Mrs. Gueermo,53
820,Both sides,1
821,Jonesy,83
822,Mr. Slave,282
823,Conan O'Brien,56
824,Female Gambler 2,9
825,Registrar,29
826,Female Gambler 1,6
827,Firkle,98
828,Guest Speaker,36
829,Dr. Lott,135
830,Somali 1,4
831,Fed,8
832,Somali 2,7
833,Uriel,56
834,Truck Driver,155
835,The Ramseys,1
836,Mercedes,180
837,The Jonas Brothers,7
838,Kyle Schwartz,147
839,Martha,196
840,Apple Tech,9
841,Pi Pi,206
842,Townsfolk,108
843,Al Roker,45
844,Moroccan Cardinal,20
845,Cabbie,19
846,McCormick Parents,1
847,African-American,59
848,Token's Mother,23
849,Both men,1
850,Leonard Maltin,210
851,Bronco 2,6
852,Another addict,3
853,Sarah Valmer,6
854,Elvin,10
855,"Kyle, Butters",1
856,Passengers,8
857,Token's Father,3
858,The men,4
859,Barnaby Jones,20
860,Nick Nolte,43
861,Baker 2,5
862,Quincy,94
863,Lead Biker,249
864,Other Cardinals,2
865,Left,25
866,Mrs. Tweak,166
867,Shopper,10
868,Researcher,189
869,Big-Eared Boy,18
870,Ms. Havisham,211
871,Morpheus,204
872,Guests,11
873,Tony,79
874,Meredith Vieira,18
875,Enrique,1
876,Michael Deets,105
877,Peter Panda,42
878,"Jason, Craig, Tweek, Token",3
879,George Zimmerman,73
880,Other boys,5
881,Trooper,5
882,Josh,342
883,DJ AM,34
884,Carson,41
885,Sia,11
886,Conner,49
887,Sid,63
888,Child singers,11
889,Mrs. Garrison Sr.,66
890,Future Butters,13
891,Sixth Grader 6,11
892,Sixth Grader 5,10
893,Guy Fieri,31
894,Sixth Grader 3,15
895,Sixth Grader 2,61
896,Squirrelly Squirrel,58
897,Ginger 2,19
898,The other men,1
899,Sixth Grader 8,1
900,Justin Bieber,10
901,The Males,24
902,Advisor,21
903,Snetzl,120
904,Ben Roethlisberger,3
905,Greeley Man,3
906,Japanese Man 2,6
907,Charlie Brown,11
908,Tooth,13
909,Reenactors,4
910,Beelzeboot,38
911,Bodybuilder,9
912,With boys,21
913,Natsako Semu,6
914,Jeffrey Maynard,69
915,Japanese Man 1,6
916,Jakovasaur,53
917,Tyler Perry,72
918,Lead Agent,59
919,Quint #2,8
920,Kevin Jonas,1
921,Café 180 Patron,11
922,Bertha,15
923,John Ramsey,82
924,Chris/Saddam,1
925,Nurse Goodly,16
926,Bono,148
927,Raisins Girls,4
928,Emily,12
929,Center 2,11
930,A Guest,8
931,Sky-fi Reporter,54
932,Townsperson 3,1
933,Top Official,57
934,Brandy's Mom,14
935,Mrs. Testaburger,90
936,Chris Crocker,15
937,Short Reporter,41
938,One of the Cubs,1
939,Broncos,2
940,Marsha,26
941,Commentator 1,61
942,Nadia,13
943,Latino Protesters,5
944,Brunette 3,6
945,A Fan,5
946,Owner,69
947,Dad,233
948,Jinbo,17
949,Tourist,6
950,Frans,170
951,Exec. 1,51
952,Dan,132
953,Exec. 3,22
954,Exec. 4,4
955,Border Guard,6
956,Monitor Man,2
957,Grandpa,247
958,The Males (Randy),32
959,"Boys, Hankeys",5
960,Road Workers,8
961,Cartmen,4
962,Biker 12,5
963,Biker 13,16
964,Mr. Gueermo,226
965,Biker 11,8
966,Biker 14,5
967,Biker 15,7
968,Radio Host,43
969,DC Crewman,5
970,Male Nurse,33
971,Darryl,11
972,Top Official 2,28
973,"Stan, Kyle, Cartman",20
974,Biggie Smalls,6
975,Voice Notification,31
976,ISIS Spokesman,14
977,Female Aide,8
978,TAPS,1
979,Kale,38
980,Squirt 2,23
981,Russell Crowe,395
982,Paparazzo,13
983,Tad,165
984,Randy,3756
985,Lead Screener,62
986,Farmer Carl,59
987,Suzanne,11
988,Kevin,215
989,Singer (background singers),106
990,Research Leader,205
991,Rex,1
992,Other Bikers,8
993,Viewer 3,6
994,Viewer 1,7
995,Jay Leno,57
996,Rep,57
997,M. C.,32
998,Nellie,64
999,Stephen,1107
1000,Rick,368
1001,The Kardashians,1
1002,Butters' profile,8
1003,Redneck 13,62
1004,Red,284
1005,ET Reporter,34
1006,Head,77
1007,Redneck 12,3
1008,Sir 1,11
1009,Anchor 2,3
1010,Timmy,148
1011,Redneck 14,5
1012,Patrick Swayze,26
1013,Fangirls,2
1014,Jerry Sanders,40
1015,Alone,15
1016,Brent Musberger,8
1017,Francis,25
1018,Jason Voorhees,18
1019,Elder 3,15
1020,Elder 2,68
1021,Elder 1,107
1022,Baahir,23
1023,Christina Naylon,43
1024,Hopkins,40
1025,Mrs. Biggle,88
1026,Tweek's Mom,47
1027,Tupac's Hologram,19
1028,Number 24,14
1029,FOX President,189
1030,Other classmates,9
1031,Paramedic,49
1032,Amanda,61
1033,Evan Stone,3
1034,Michael Jackson,29
1035,Denver Pitcher,24
1036,Pirate 8,7
1037,Dean,330
1038,Mr. Jabs,66
1039,MC,223
1040,Marklar,53
1041,Pirate 3,12
1042,Pirate 2,21
1043,Pirate 1,17
1044,Head Baker,26
1045,Pirate 7,6
1046,Pirate 6,14
1047,Pirate 5,33
1048,Pirate 4,39
1049,Travis,237
1050,Ballmer,122
1051,John Edward,238
1052,"Gerald, Sheila",3
1053,Waiter,72
1054,Assemblyman 4,16
1055,Old-Timer,17
1056,Bronco 1,6
1057,EOD Leader,34
1058,Assemblyman 3,7
1059,Assemblyman 2,24
1060,Agent Marx,28
1061,Ex-Convict,71
1062,"Black Vamp, Mike, and Pete",2
1063,The Broflovskis' Answering Machine,10
1064,Member,10
1065,Old Woman 2,3
1066,Bill Cosby,93
1067,Brett Favre,9
1068,Specialist,100
1069,Customers,2
1070,Australia,24
1071,Chief Running Water,92
1072,Dispatcher 2,9
1073,A Protester,2
1074,Suzette,27
1075,Tiger,112
1076,Whistle,2
1077,Radio Talk Show Host,27
1078,Jill,16
1079,Tammy,199
1080,Inmates,1
1081,TCO Reporter,23
1082,Sally Struthers,94
1083,The Adults,7
1084,Congressman 3,23
1085,Congressman 2,38
1086,Congressman 1,15
1087,Hippie 3,26
1088,Hippie 2,36
1089,Hippie 1,24
1090,Melvins,7
1091,Ben,131
1092,Hippie 6,6
1093,Hippie 5,10
1094,Hippie 4,8
1095,Black boy,1
1096,Dr. Doctor,770
1097,Indy,24
1098,Black Bouncer,7
1099,All the boys,6
1100,Another kid,2
1101,Jimmy,1663
1102,Subway Rep 2,26
1103,Subway Rep 3,18
1104,Louse 9,22
1105,Louse 8,5
1106,Louse 7,27
1107,Louse 6,3
1108,Louse 5,9
1109,Louse 4,6
1110,Dr. Carroll,100
1111,Louse 2,5
1112,Louse 1,4
1113,Magician,16
1114,Joseph Smith,126
1115,Gary Nelson,47
1116,Family,1
1117,Priest 3,5
1118,Caller 1,12
1119,Caller 3,29
1120,Lois,32
1121,Kurt Loder,116
1122,Alien Man,109
1123,Teabag,192
1124,Randy Singing,10
1125,Sharon,1499
1126,Heather,39
1127,Monkey,2
1128,David Carradine,15
1129,Pirate Voice,1
1130,Old Woman,19
1131,Medic,85
1132,Meat Loaf,30
1133,Dr. Oz,110
1134,Queen Spider,15
1135,Ma'am,15
1136,Copilot,39
1137,Robin Hood,21
1138,Rabbi 2,47
1139,Rabbi 1,153
1140,Blonde PeTA Woman,22
1141,Kobe Bryant,40
1142,Man in crowd,1
1143,Rabbi 5,25
1144,Rabbi 4,14
1145,Paul Shaffer,2
1146,Choir Teacher,278
1147,Putin,66
1148,Male Psychic 1,37
1149,Male Psychic 2,25
1150,Male Sailor 1,1
1151,Hotline Voice,85
1152,Male Sailor 2,1
1153,Chief David,125
1154,Tele's Owner,37
1155,Blond Knight,18
1156,Gail,2
1157,Mr. Appleby,25
1158,Secure group,1
1159,"Stan, Kenny, Kyle",3
1160,Schlomo,22
1161,Network Anchor,46
1162,Annie,68
1163,Ninja 2,3
1164,Natalie,59
1165,Bill O'Reilly,79
1166,Scott Tenorman,147
1167,Blonde Boy,1
1168,Rockety Rocket,18
1169,The class,3
1170,Paparazzo 2,5
1171,Chief Stevens,46
1172,Patrons,8
1173,Cpt. Gabriel,59
1174,Ben Rothlisberger,8
1175,Martin,43
1176,Nancy Kerrigan,1
1177,Anthropologist,84
1178,Fat Boy,25
1179,Captain Paul Watson,4
1180,Stan/Kenny/ Cartman,11
1181,Red Cross Dude,36
1182,Expert 9,167
1183,Kid 2,48
1184,Yo Gabba Gabba,1
1185,Hard Candy,6
1186,Frat Boy 3,19
1187,Frat Boy 2,1
1188,Frat Boy 1,4
1189,Teen Girl,61
1190,Leslie,187
1191,Sparrow Prince,79
1192,Selena Gomez,15
1193,Kanye,431
1194,Katie,87
1195,Agent Sharp,28
1196,The rest of the boys,1
1197,Farmer 2,18
1198,German 2,3
1199,The Avs,3
1200,Jay,8
1201,John Cena,24
1202,Gene Siskel,2
1203,Sidney Poitier,43
1204,Simon,5
1205,Jimbo Kern,5
1206,DC Captain,25
1207,Show Announcer,10
1208,Cartman's Good Side,18
1209,Elderly man,21
1210,Man In Yellow Jacket,5
1211,Referee,97
1212,Mr. Leon,2
1213,Lead Soldier,10
1214,Mrs. Harris,22
1215,Record Executive,258
1216,Regis,43
1217,A counselor,9
1218,KKK Members,10
1219,Damien,150
1220,Man With No Limbs,30
1221,Snarf,42
1222,NC 9 Reporter,68
1223,Amir,28
1224,Man 3,278
1225,Mrs.Tucker,6
1226,Female Nurse,5
1227,Towel,7
1228,Mr. Valmer,26
1229,Kyle,5100
1230,Customer 2,16
1231,Real Mackey,16
1232,President Hirohito,153
1233,Gordon,45
1234,Roma,38
1235,Board Rep 2,25
1236,Board Rep 1,30
1237,Suicide 7,4
1238,New Kenny,19
1239,Matthew McConaughey,33
1240,Tow Truck Driver,2
1241,Soccer Captain,8
1242,Mr. Evans,187
1243,Elderly Woman,114
1244,Mormons,18
1245,Coordinator,114
1246,Mint-Berry Crunch,307
1247,Blonde Russian,16
1248,Kenya,5
1249,HC Driver 2,1
1250,HC Driver 3,11
1251,HC Driver 4,1
1252,HC Driver 5,10
1253,HC Driver 6,26
1254,HC Driver 7,35
1255,Marilyn Manson,9
1256,Resident 13,4
1257,Japanese Delegate,4
1258,Announcer,2067
1259,Resident 14,4
1260,Lab Tech 3,8
1261,Lab Tech 2,6
1262,Dude,46
1263,Little Girl,29
1264,SWAT Officer,5
1265,Caroline,27
1266,Dr. Biber,247
1267,Janet Reno,108
1268,Spielberg,77
1269,Leeroy,21
1270,Pocket,296
1271,UAL 2,13
1272,UAL 1,20
1273,Salon Girl,22
1274,"Gerald, Kyle",12
1275,Officer 9,5
1276,Girl 2's Father,22
1277,A Teen Boy,13
1278,A bodyguard,17
1279,Mr. Brooks,32
1280,Felipe,10
1281,HotForBoys219,45
1282,Head Scoutmaster,87
1283,Geologist 2,38
1284,Small Group,7
1285,"Token, Craig",1
1286,Enrique Iglesias,7
1287,Vampir,176
1288,Ms. Turnod,37
1289,Mitch Harris,15
1290,Ugly Bob,206
1291,Elder,123
1292,Formena,5
1293,Comedian,93
1294,Father Maxi,249
1295,Installer,27
1296,Eric,13
1297,Mr. Williams,3
1298,Teen Boy 4,1
1299,Teen Boy 5,12
1300,Squirt leader,223
1301,Teen Boy 7,4
1302,Teen Boy 1,11
1303,Teen Boy 2,22
1304,Teen Boy 3,20
1305,Two Girls,2
1306,Expert 11,6
1307,Teen Boy 8,13
1308,Dr. Adams,265
1309,Kelly,204
1310,Yao,43
1311,Pilgrim King,71
1312,Kyle/Cartman,1
1313,"Chef, Veronica",8
1314,The others,1
1315,"Stan, Jesus",2
1316,Mr. Allens,41
1317,Pirate,3
1318,Creature,13
1319,ATF agent,54
1320,Mr. Hat,242
1321,Kurt's hologram,37
1322,Grant,44
1323,Randy Marsh,2
1324,Elton John,25
1325,Clerk 1,42
1326,Queen Elizabeth II,13
1327,Matt Stone,17
1328,The Lords,12
1329,Carlos,2
1330,Ride Operator,7
1331,The Other Kids,1
1332,Crowd outside,19
1333,Lead Referee,11
1334,Bundy,120
1335,Dr. Mephesto,207
1336,Marsh Family,6
1337,Britney,67
1338,Blond Officer,10
1339,Factory workers,24
1340,Patrick,23
1341,A Nurse,13
1342,Miles,214
1343,SNN Anchor,111
1344,Jakovasaur Kid 3,4
1345,Mrs. Sanders,5
1346,Jakovasaur Kid 1,3
1347,Rumsfeld,9
1348,Snoop Dogg,95
1349,Jakovasaur Kid 4,2
1350,Canadian Paparazzo,31
1351,Grandpa Marvin,8
1352,Elderly Lady,7
1353,Barbrady,575
1354,Gray Hare,4
1355,FC Batter 1,2
1356,Teresa,186
1357,Lead Agent Collins,22
1358,Mr. Triscotti,32
1359,Passenger 3,23
1360,Passenger 2,11
1361,Passenger 1,35
1362,HC Driver 1,1
1363,Passenger 4,7
1364,Male Activist,4
1365,Peterson,56
1366,Butter's Voice,7
1367,Black Bailiff,2
1368,Mrs. Hakeem,23
1369,FC Team,4
1370,Best Buy President,23
1371,DJ,225
1372,Paris Hilton,15
1373,FC Catcher,5
1374,Tom Snyder,64
1375,DA,94
1376,Cipac,8
1377,Angela Merkel,10
1378,Stage Hand,21
1379,Ginger Girl,3
1380,Blond Man,102
1381,Blood 6,3
1382,Blood 5,6
1383,Blood 4,18
1384,Blood 3,5
1385,Blood 2,8
1386,Blood 1,6
1387,Phl,13
1388,Murphy,283
1389,Emo Boy 1,29
1390,Congregation,44
1391,OC Girl,13
1392,Annoncer,51
1393,McCain,169
1394,Male passenger,8
1395,Dr. Chinstrap,323
1396,Cartman and the Gingers,20
1397,Tank Driver,14
1398,Stephen Tamil,33
1399,Motorcyclist,1
1400,Preacher,11
1401,Mickey Mouse,106
1402,Head of Public Safety,38
1403,Boy Sledders,1
1404,Persian 2,53
1405,Don King,42
1406,Trainer,90
1407,Pueblo Team,2
1408,Chet,82
1409,Brunette,108
1410,Cher,15
1411,Tron Soldier,5
1412,Domino,3
1413,Female director 2,8
1414,Critters,61
1415,Chef,1921
1416,The Freaks,6
1417,SNN reporter,46
1418,Lil Kathie Lee,61
1419,Farrah Fawcett,7
1420,Principal,58
1421,Other priests,3
1422,Iggy,62
1423,Older brother,4
1424,White Official,33
1425,Treasurer 1,40
1426,Treasurer 2,32
1427,Treasurer 3,26
1428,Character,1
1429,James Taylor,17
1430,Mr. Hammerhead,2
1431,Another Mayor,50
1432,Redneck 18,1
1433,Roland,5
1434,Jared Fogle,15
1435,Redneck 11,22
1436,Border Officer 1,22
1437,Border Officer 2,146
1438,Border Officer 3,9
1439,Border Officer 4,22
1440,Border Officer 5,3
1441,Redneck 17,4
1442,Redneck 16,1
1443,Janet,332
1444,Woman,690
1445,Robert Redford,109
1446,Oragne cat,2
1447,Patron 9,7
1448,Saddam,386
1449,McGee-zax,110
1450,Kansas,24
1451,Plex,101
1452,Paratrooper,4
1453,Asian Reporter,43
1454,Dispatcher 1,25
1455,Purry,1
1456,Mime,108
1457,Roostor,3
1458,Mimi,17
1459,James Hetfield,14
1460,Mrs. Hollis,20
1461,Occupant,7
1462,General Disarray,23
1463,Mr. Hollis,52
1464,Punk,2
1465,Creature from the Black Lagoon,15
1466,Chef and Principle Victoria,1
1467,Damla,14
1468,FBI Agents,1
1469,Townsman,93
1470,Older Girl,1
1471,Librarian,53
1472,Eager Man,3
1473,Otters,2
1474,Emo Boy,8
1475,UAL Aide,15
1476,Executives,1
1477,Swiss Delegate,32
1478,Right,8
1479,Angel,22
1480,Resident 10,7
1481,Resident 11,9
1482,Resident 12,16
1483,Joe Strummer,34
1484,Carrot Ass,30
1485,Resident 15,13
1486,Crowd Member,1
1487,Male Anchor,13
1488,Geoff,45
1489,Richie,22
1490,Volunteer 2,51
1491,Collector,16
1492,Pit Crewman,23
1493,The Kids of South Park Elementary,73
1494,Butt Out! Man 3,2
1495,Butt Out! Man 2,12
1496,Butt Out! Man 1,17
1497,Rick James,21
1498,Jessica's Mom,3
1499,Patricia,12
1500,Crew,2
1501,Alarm: Alert.,11
1502,Marvin,396
1503,"McCain, Obama",2
1504,Second Baseman,7
1505,Japanese Pilot,1
1506,Sniper,1
1507,Bobo,50
1508,Male Aide,5
1509,CNN Reporter,67
1510,City Wok Owner,43
1511,Police Chief,77
1512,Kelly Rutherfordmenskin,1
1513,A singer,6
1514,Members,16
1515,Thad,23
1516,Figure 1,26
1517,Instructor,115
1518,Siimon,4
1519,Crab People,2
1520,Benjamin,2
1521,Harrison Moore,128
1522,Xerxes,83
1523,Johnson,76
1524,New Yorker 1,1
1525,Barkley,18
1526,Gingers,41
1527,DC Crew,3
1528,Blonde Nurse,10
1529,Blonde Protester,11
1530,Profile Stan Marsh,66
1531,Nichole,157
1532,Landlord,11
1533,Fingerbang,29
1534,Sgt. Yates,370
1535,Hansen,200
1536,Rescuer,13
1537,Constance,9
1538,Canadian 3,1
1539,Canadian 2,4
1540,"Stephen, Butters",8
1541,Headless Horseman,7
1542,Someone in the crowd,1
1543,P.F. Pityef,185
1544,Alien,241
1545,Chris Swollenballs,82
1546,Black Officer,11
1547,Elderly Driver,32
1548,Band Member 1,37
1549,Band Member 2,22
1550,Band Member 3,5
1551,Death,4
1552,Guest,39
1553,Skyler,307
1554,Jessie,28
1555,Netzel,157
1556,Bob Dole,24
1557,Maitre D,53
1558,Electronic Head,15
1559,Pearl,184
1560,Confederate 2,14
1561,Alex Spanos,16
1562,Soldier 6,15
1563,Paul Stanley,39
1564,Old Folks,2
1565,Elderly Tree Hugger,5
1566,Leader,206
1567,Riley,45
1568,Skier,2
1569,Boy in Green Shirt,64
1570,Kyle's Side,1
1571,Assembly,1
1572,Man in briefs,8
1573,Dream Estella,9
1574,Canadian 1,7
1575,Protestor #5,12
1576,Protestor #4,2
1577,Protestor #3,30
1578,Protestor #2,8
1579,Protestor #1,7
1580,Voice-over,117
1581,Dentist,81
1582,Boat Ride Singers,21
1583,Reporters,4
1584,Dora,14
1585,Great-Great-Grampa,56
1586,Soldier 7,2
1587,Princess,31
1588,Gnomes,7
1589,Anchorman 2,19
1590,Angel 12,6
1591,Angel 10,4
1592,Angel 11,10
1593,Madman,17
1594,Mosquito,155
1595,Phil,239
1596,Together,51
1597,Muslim 2,12
1598,Scientist 1,86
1599,Kurt Russell,91
1600,Scientist 3,7
1601,Scientist 2,86
1602,Scientist 5,6
1603,Scientist 4,4
1604,The Clergy,8
1605,Emo Girl,17
1606,Chris Martin,79
1607,Numa Numa,7
1608,Performer,2
1609,Chinese Officer,3
1610,Detective 3,33
1611,Gary Condit,44
1612,Homeless Advisor,158
1613,Commander,269
1614,McDonald's Exec,122
1615,A Terrorist,1
1616,Fireman 1,43
1617,Blond Girl,21
1618,Fireman 3,3
1619,Fireman 2,67
1620,MJ Hologram,45
1621,Blond man,14
1622,Melissa,12
1623,Obese Woman,29
1624,Ethiopian,7
1625,New Director,8
1626,A Congressman,16
1627,Peters,6
1628,Grey Hat,46
1629,Sgt. Boll,17
1630,A Melvin,11
1631,Linda,738
1632,Voice 1,5
1633,Voice 2,7
1634,Groupie,13
1635,Bear cub,1
1636,Reveler,2
1637,Celine Dion,102
1638,Trainee Barbrady,17
1639,Muno,16
1640,Blond Trekker,25
1641,Danish Woman,5
1642,Protesters,22
1643,"Nicole, Lola, Annie",1
1644,Stripper,16
1645,Choir Girl,34
1646,Soldier 3,60
1647,Jakovasaurs,3
1648,Grizzled Man,3
1649,Cowboy 2,8
1650,Carol,77
1651,Man On Crutches,3
1652,Princess Diana,9
1653,Benedict XVI,21
1654,Injured Man,10
1655,Ed Sullivan,24
1656,Shopper 1,41
1657,Babrady,59
1658,Leroy,32
1659,Spirit,43
1660,Other Men,8
1661,The Boy,5
1662,Police Chief Stevens,36
1663,Lao Tse,21
1664,Soldier 2,62
1665,Sixth Grader 4,19
1666,Female Agent,28
1667,Director 6,14
1668,DVDA,13
1669,Suitcase,7
1670,Sixth Grader 1,130
1671,Female fan,4
1672,Aide,198
1673,Chef's mom,46
1674,Storm Trooper,12
1675,Marksman,12
1676,Rancher Bob,173
1677,Pizza Man,9
1678,Rabbity Rabbit,4
1679,Stan Marsh,14
1680,Kids in Class,2
1681,Center Gnome,4
1682,Sawitzky,37
1683,An Agent,3
1684,Man 16,18
1685,Judge Moses,63
1686,Tom Vilsack,140
1687,Man 19,4
1688,Mexicans,7
1689,Daniel,54
1690,Missy,4
1691,Sixth Grader 9,10
1692,Crab Leader,40
1693,Aussie,172
1694,Nurse Gollum,198
1695,Critter,7
1696,UAL Member 1,1
1697,Geraldo,139
1698,Paparazzo 9,26
1699,Paparazzo 8,14
1700,Big Stan,24
1701,A Bishop,4
1702,Mrs. Applegate,2
1703,Mr. Weatherhead,238
1704,Female Sailor,2
1705,Paparazzo 3,3
1706,Lt. Nelson,64
1707,Paparazzo 5,2
1708,Paparazzo 7,10
1709,Other Women,5
1710,Toss-a-Ball Operator,9
1711,Guy 1,1
1712,Guy 2,1
1713,REO Speedwagon,28
1714,Legless Boy,5
1715,Analyst,11
1716,Steve Forbes,13
1717,President Clinton,78
1718,With Demons,3
1719,Student,96
1720,Kyle 1,111
1721,Mona,23
1722,Phillip,613
1723,Grandma,101
1724,Mrs. Brown,16
1725,Monk,2
1726,Soldier 4,36
1727,Other students,2
1728,Token,725
1729,Other kids,10
1730,Redneck 28,5
1731,Redneck 29,4
1732,Mortician,45
1733,Redneck 24,4
1734,Redneck 25,4
1735,Redneck 26,4
1736,Redneck 27,3
1737,Redneck 20,8
1738,Redneck 21,3
1739,Redneck 22,9
1740,Quint 3,52
1741,Shari,20
1742,Producer,439
1743,Elmo,32
1744,Pig,12
1745,Player 70,21
1746,Fat Priest,9
1747,Carlos Ramirez,56
1748,Brunette Nurse,8
1749,Pip,569
1750,Frothgar,47
1751,Man,679
1752,Pueblo Dad,5
1753,Cartman's Bad Side,10
1754,Neo,32
1755,Cartman (Butters),32
1756,Bearded man,6
1757,Marc,29
1758,Gerald,1434
1759,Ned,286
1760,Lou,73
1761,Elderly Priest,50
1762,Mark,468
1763,Backup Singers,2
1764,Master,66
1765,Ellen,48
1766,Hankey Elf,18
1767,Employee,23
1768,Car Salesman,5
1769,Mary,70
1770,Boy Announcer,14
1771,Romper Stomper,190
1772,Gretchen,17
1773,Lady Member 2,37
1774,Men,43
1775,Pharaoh,81
1776,Ticket 2974 Holder,4
1777,Tough Guy 2,15
1778,Guy in flat top,2
1779,The Women,1
1780,New Cartman,138
1781,Earl,8
1782,Lawyer,216
1783,Kenny's Mom,52
1784,Stranger,17
1785,Kenny G,16
1786,Chef (falsetto),54
1787,John Elway,26
1788,EVGames Clerk,12
1789,Brunet Member,4
1790,Trey Parker,42
1791,Jeff VanVonderen,94
1792,Hippies and Kyle,3
1793,Wrestler,11
1794,A Teacher,18
1795,Protester 7,3
1796,Protester 6,1
1797,Protester 5,1
1798,Jimmy Buffett,47
1799,Indian 1,14
1800,Protester 2,13
1801,Protester 1,20
1802,Teller,129
1803,Spiky Vamp,6
1804,Mouse,18
1805,French Delegate,41
1806,Tall Goth,106
1807,Millionaires,2
1808,Biker 9,1
1809,Scientist,143
1810,Younger Boy,34
1811,Blaine,166
1812,Corey,198
1813,Biker 2,61
1814,Biker 3,5
1815,Biker 4,13
1816,Biker 5,9
1817,Biker 6,66
1818,Biker 7,16
1819,Music Instructor,52
1820,Larson,48
1821,Woodland Critters,25
1822,Ms. Sanders,41
1823,War Protester,16
1824,Cowboy 1,4
1825,Senator 4,12
1826,Senator 3,27
1827,Senator 2,41
1828,Senator 1,26
1829,Townsman 8,4
1830,Townsman 7,12
1831,Townsman 6,27
1832,Townsman 5,11
1833,Townsman 4,9
1834,Townsman 3,9
1835,Townsman 2,29
1836,Townsman 1,23
1837,Postmaster,57
1838,Quadraplegic Swiss man,37
1839,Conductor,71
1840,Mrs. Garthunk,158
1841,Bar Patrons,2
1842,Police Officer,43
1843,Officer Barbrady,603
1844,Cable Guy,115
1845,King Claudius,23
1846,GS-401,76
1847,The Ramseys and Condit,3
1848,Morgan Freeman,188
1849,Melvin 4,1
1850,Melvin 1,6
1851,Melvin 3,9
1852,Obama,454
1853,Singer,452
1854,Winner,2
1855,Sphinx,164
1856,Cowboy,24
1857,Creamy Goodness,110
1858,Bum,27
1859,"Penis, Mouse",5
1860,Mormon 4,15
1861,Mormon 5,3
1862,Mormon 6,20
1863,AA Speaker,12
1864,Mormon 1,49
1865,Mormon 2,52
1866,Harry,149
1867,The Dragon,21
1868,Specialist 4,13
1869,Specialist 3,42
1870,Guide,122
1871,Specialist 1,74
1872,Jersey Woman,7
1873,Jim Rome,172
1874,House,33
1875,Afghan Boys,33
1876,Whoopi,19
1877,Tough Boy 1,21
1878,Tough Boy 2,18
1879,Joseph,1
1880,Lion Cub 2,37
1881,Lion Cub 3,47
1882,Lion Cub 1,36
1883,Mover,3
1884,Romanian official,23
1885,Filmore*,1
1886,"Kids, Chef",3
1887,Cupid Me,58
1888,Cinderella,24
1889,Layman,33
1890,"Mr. Hankey, Cornwallis",16
1891,Proprietor,7
1892,Staffer,20
1893,Protester,24
1894,Skynard Man,4
1895,Tommy and His Dad,2
1896,Male Member,1
1897,Coach Connors,146
1898,Woman Supporter 2,4
1899,Woman Supporter 1,7
1900,Jake,10
1901,Brother Anderson,10
1902,Broderick,29
1903,Kevin Donahue's profile,7
1904,Angel 4,12
1905,Angel 5,26
1906,Angel 6,5
1907,Angel 7,4
1908,Barber,11
1909,Angel 1,3
1910,Angel 2,3
1911,Francis Ford Coppola,14
1912,Lead tech,82
1913,SNN anchor,13
1914,Palin,127
1915,Mysterion,492
1916,Scott,661
1917,Lady,9
1918,Mr. Kitty,1
1919,A Council Member,3
1920,Fieldy,95
1921,Alex,54
1922,Vladimir,91
1923,Hemorrhoid,2
1924,Fields,6
1925,Mrs. Donovan,50
1926,The Marshes' Answering Machine,13
1927,Alien Carl,7
1928,Supporter,3
1929,Crab Solo,5
1930,Uncle Howard,12
1931,The Nuggets,1
1932,Guard 2,154
1933,The New Lyrics,60
1934,Police Officer 1,2
1935,Adam Sandler,59
1936,Strummer,17
1937,The Phantom,6
1938,Executive,21
1939,Det. Harris,258
1940,Springer,8
1941,Player 6,8
1942,Therapist,196
1943,Player 3,9
1944,Player 2,2
1945,Player 1,22
1946,Pablo,58
1947,Weird Hat Guy,6
1948,Fifth Graders,1
1949,Other mothers,6
1950,Record Producer,173
1951,News 4 Reporter,126
1952,Network President,136
1953,Boy 5,20
1954,Boy 4,43
1955,Boy 3,50
1956,Boy 2,134
1957,Boy 1,198
1958,Jai,24
1959,Father,207
1960,Center 1,2
1961,French Captain,69
1962,Tracy,45
1963,Commentator 2,41
1964,ALF Member,7
1965,Russell Crowe (off-screen),5
1966,Parents,9
1967,Tan Jovi,19
1968,"Bebe, New Kid",1
1969,Moses,134
1970,Sorcerer,88
1971,Fat Plumber,9
1972,Nelly,135
1973,Man with Terrible Skin Condition,120
1974,Kathie Lee,36
1975,Train Conductor,32
1976,Phlllip,2
1977,Bob Thomas,90
1978,Another Man,2
1979,Nut Gobbler,96
1980,Line Ride Operator,27
1981,Lil Kim,4
1982,Richards,95
1983,Moviegoer,4
1984,Gas Mask PeTA Member,14
1985,Jim,18
1986,Hancock,28
1987,Nagix,77
1988,Mr. Cotswolds,194
1989,Av 1,29
1990,A Hall Monitor,10
1991,Security Agent,106
1992,Ghost,18
1993,Twirler 3,9
1994,Tree hugger,13
1995,Twirler 1,19
1996,Mr. Takiyama,128
1997,BHI President,80
1998,Mr Mackey,16
1999,Gary Coleman,4
2000,Class,105
2001,George Bailey,38
2002,Richard Tweek,9
2003,Soldiers,15
2004,Randy's Boss,9
2005,Mrs. Garrison,1077
2006,Chase,39
2007,Former Coach,6
2008,Paula Deen,25
2009,Café Monet diner,7
2010,Disney Exec 2,15
2011,Disney Exec 3,14
2012,Lars Ulrich,20
2013,Disney Exec 1,16
2014,Mr. Ose,110
2015,A caller,23
2016,Redneck 30,1
2017,Detective 4,12
2018,Fire Captain,103
2019,Secure Group,1
2020,"Stan, Kyle, Blanket",1
2021,All Celebrities,1
2022,Brunette 2,2
2023,Patient,5
2024,Anderson Cooper,61
2025,Pirate Ghost cutout,1
2026,Head Agent,7
2027,Worker,147
2028,A Diner,7
2029,Audience Member,5
2030,Tuong,212
2031,Girl in O T-shirt,9
2032,Dick Dastardly,4
2033,Profile 6,9
2034,Profile 4,1
2035,Profile 5,8
2036,Profile 2,9
2037,Gnome,74
2038,Pimp,44
2039,Susan,71
2040,Charlie,122
2041,Sylvester,1
2042,Finland,35
2043,Michelle Obama,81
2044,"Mike, Michael, and Pete",2
2045,President Calderón,55
2046,Someone,13
2047,The Crew,2
2048,Boy In The Red Shirt,50
2049,Voice-Over,65
2050,Lead Knight,63
2051,Mr. Varcas,47
2052,Sledders,1
2053,Female director,16
2054,Tron Guy,47
2055,Girl In Pink,5
2056,Loa Tse,3
2057,Hat McCollough,27
2058,Retarded Fish,7
2059,Alec Baldwin,108
2060,"Stan, Kyle, Butters, Token",1
2061,Jared,306
2062,Rebecca Turnod,93
2063,Exec. 2,65
2064,Osric,10
2065,Congressmen,7
2066,Devil,10
2067,Man in Wheelchair,61
2068,Tom Cruise,325
2069,"Stan, Kyle",81
2070,The Broflovskis,7
2071,Cantor,12
2072,Cardinal,28
2073,Tom,659
2074,Kindergartner,13
2075,Crips,6
2076,Jada Pinkett Smith,25
2077,Officer Harris,7
2078,P-Train,40
2079,Driver 1,34
2080,HBC Reporter,29
2081,Blonde Judge,3
2082,Driver 4,7
2083,Driver 5,8
2084,Niles,302
2085,Townswoman 2,2
2086,Townswoman 1,2
2087,"Randy, Gerald",1
2088,The Queer Eye Guys,2
2089,Receptionist 2,23
2090,CIA Vice Head,52
2091,Warden,118
2092,Connor,2
2093,Russian,66
2094,Mr. Nelson,205
2095,SS Agent 2,7
2096,Other girls,1
2097,Broloff,182
2098,Mr. Tweek,10
2099,Nibblet,12
2100,DC Crewmen,4
2101,General Tso,87
2102,American,3
2103,Roger,196
2104,Girl in Puppy T-shirt,25
2105,Clinton,91
2106,Frank Sinatra,26
2107,Runs With Premise,63
2108,A Politician,2
2109,Sheila,1188
2110,Otter Soldier,4
2111,Greenfield,185
2112,Otis,31
2113,Mr. Waters,19
2114,President Wulff,111
2115,Other Sixth Graders,2
2116,A Sign-Holder,3
2117,SP Team,6
2118,Jakartha,54
2119,Hitler,21
2120,Satan and Males,1
2121,Jersey People,6
2122,Hare 1,2
2123,Hare 2,2
2124,Hare 3,5
2125,Hare 4,2
2126,Hare 5,8
2127,Hare 6,5
2128,Hare 7,6
2129,Shoppers,15
2130,Mr. Farnickle,8
2131,Speaker,172
2132,Mrs. Stevens,90
2133,Thompson,21
2134,Volunteer 4,7
2135,Teens,1
2136,Homeowner,90
2137,Sgt. Masters,16
2138,"Cruise, Travolta",20
2139,Sussan,9
2140,M.C,10
2141,Al,48
2142,Gary Sr.,139
2143,Chubby Official,82
2144,Frances,26
2145,Female Reporter,49
2146,AARP member,27
2147,Clerk 2,68
2148,Dougie,237
2149,Goodly,24
2150,George Burns,22
2151,Lead Vampire,23
2152,Ishmael,1
2153,Don,54
2154,Kip's Mom,55
2155,Her Blossom,7
2156,Man 31,4
2157,Union Reenactors,1
2158,Raisins Girl,24
2159,Aaron Brown,133
2160,Bob Summers,44
2161,Tom Hanks,28
2162,Mediator,71
2163,Bellboy,14
2164,Ohrlich,83
2165,Anchorman,403
2166,Lisa,152
2167,Residents,8
2168,Emir,86
2169,Betsy MacIntosh,54
2170,Tugger,11
2171,PA System,26
2172,Everyone,34
2173,Demon 2,12
2174,Bearded Man,56
2175,Man 30,4
2176,Stevens,10
2177,Dick Cheney,6
2178,Priest 2,29
2179,Bushy Eyebrows Boy,9
2180,Spectator 3,1
2181,Player,97
2182,Candice,43
2183,Chef (recording),5
2184,Tech,6
2185,Denver Player 2,12
2186,Denver Player 3,7
2187,Denver Player 4,10
2188,Elder Harris,52
2189,Evil Cartman,162
2190,News Anchor 2,58
2191,Gerald and Sheila,1
2192,Female Detective,30
2193,Girl with Brown Coat,3
2194,Geddy Lee,19
2195,Mr. Hart,25
2196,The King,9
2197,Male voice,4
2198,Redhead,24
2199,Trinity,15
2200,"Stan, Kyle, Butters",1
2201,Photographer 3,2
2202,Sgt. Larsen,14
2203,Evil Stan,39
2204,Emmanuel Lewis,40
2205,Freddy Krueger,79
2206,The other boys,7
2207,ESPN Host,126
2208,Volunteer 3,36
2209,Mrs. Landis,31
2210,Kid's Mom,17
2211,Police Commissioner,9
2212,"Lola, Jenny, Red, and Wendy",1
2213,Pilot,155
2214,Larsen,71
2215,Female Voice,61
2216,Cheerleader 2,4
2217,Assemblywoman 1,24
2218,Mingie,321
2219,Assemblywoman 2,41
2220,Dr. Spookalot,17
2221,Michael,876
2222,Female voice,1
2223,Officers,4
2224,Police drone,16
2225,Bab,8
2226,Banker,8
2227,Heidi's Mom,12
2228,The Boys,121
2229,Astronaut 2,23
2230,Skid Row,28
2231,Astronaut 1,31
2232,Iron Maiden,4
2233,Indian Chief,43
2234,Terrorists,1
2235,Aliens,7
2236,Blond Russian,21
2237,Michael Dorn,57
2238,A few people,1
2239,Camp Soldier,24
2240,The Streible Girls,1
2241,An Aged Voice,1
2242,Canadian Man,16
2243,Middle Prostitute,8
2244,Principal Victoria,1000
2245,New Yorker,13
2246,Big Man,25
2247,Stanley,3
2248,Employee 2,2
2249,Employee 3,13
2250,Employee 1,7
2251,The Japanese,7
2252,Inmate,17
2253,Jefferson,47
2254,PS4 Army,4
2255,Obese Lady,5
2256,Transient Man 6,27
2257,Gary Johnson's profile,7
2258,Dominique and Zizi,1
2259,DP Executive 2,8
2260,DP Executive 3,24
2261,DP Executive 4,3
2262,DP Executive 5,6
2263,DP Executive 6,17
2264,Clyde Frog,21
2265,Member 2,54
2266,"Bridon, Wendy",14
2267,Host 1,58
2268,Host 2,48
2269,Saddam/Chris,7
2270,Greeter,44
2271,Nathan's Dad,5
2272,Coon,702
2273,All five quints in unison,5
2274,Older Worker,21
2275,Estella,148
2276,Supporter 5,15
2277,Priests,4
2278,Supporter 3,7
2279,Supporter 2,10
2280,Supporter 1,39
2281,A Quint,13
2282,Jeff,219
2283,Mel Gibson,42
2284,Bill's hologram,17
2285,Male,43
2286,Fosse,89
2287,A skier,7
2288,Jesus,1029
2289,Cartman Smurf,42
2290,Ranger McFriendly,154
2291,People,13
2292,Ed,26
2293,Elderly Passenger,12
2294,Bros,1
2295,Giant Douche,70
2296,Brunet Trekker,32
2297,Midnight Vampire,24
2298,Police Radio,9
2299,Doctor Pal,136
2300,Lexus,137
2301,Some Folks,1
2302,O'Reilly,28
2303,Chickadee-y,48
2304,AAA Leader,39
2305,Manson,269
2306,Bebe's Mom,82
2307,Kid 1,46
2308,Kid 3,14
2309,Citizen 2,6
2310,Kid 5,3
2311,Kid 4,36
2312,Goat leader,18
2313,Connelly,195
2314,Mrs. McCormick,373
2315,Inductee 2,2
2316,Blond Agent,18
2317,Lesbian 7,12
2318,Lesbian 6,15
2319,Lesbian 5,4
2320,NAMBLA Leader,181
2321,Rancher,176
2322,Viewer 2,4
2323,Lesbian 9,3
2324,Mrs. Tucker,31
2325,Gloria Allred,58
2326,Officer Bob,3
2327,"Butters, Cartman",4
2328,Howard,147
2329,Pope Benedict,78
2330,Zombie,4
2331,Vacationer 1,22
2332,Larry,339
2333,Local Announcer 1,19
2334,Large Woman,24
2335,Rudy,26
2336,Deck Hand,13
2337,Boyfriend,30
2338,Christina Aguilera monster,2
2339,People's Army Leader,62
2340,Ticket Salesman,113
2341,Sarah McLachlan,65
2342,K-10,37
2343,A guest,7
2344,Young Worker,23
2345,Mrs. Feegan,49
2346,Publisher 2,76
2347,Publisher 1,77
2348,Dental Floss,26
2349,Two SWAT men,2
2350,"Crew, Stan",1
2351,Female hippie,6
2352,Adults,26
2353,Country Singer,42
2354,Mr. Yelman,36
2355,Ramdu,7
2356,Mr. T,5
2357,"Man 2, Woman 2",1
2358,Trashman,11
2359,Stan and Kenny,2
2360,Hildog Fan,3
2361,Judge 2,16
2362,Judge 3,1
2363,Male Louse,20
2364,Judge 1,39
2365,Numa Numa Guy,1
2366,Greeley Team,4
2367,Elise,104
2368,Mr. Vladchick,9
2369,Italian Cardinal,124
2370,Postman,39
2371,McDaniels,16
2372,God,198
2373,Ellen DeGeneres,45
2374,Prime Minister,46
2375,Douglas,2
2376,Maintenance Guy,41
2377,A Guard,3
2378,R. West,24
2379,Man with Foot on Head,116
2380,Chamber of Farts Operator,24
2381,"Dale Earnhardt, Jr.",11
2382,The Parents,24
2383,Pink Hare,44
2384,The Boys and The Brandos,1
2385,Man 29,4
2386,Allyson,138
2387,John Travolta,49
2388,Supporters,17
2389,Kip,102
2390,A man,12
2391,Predator,10
2392,Arab,26
2393,David Letterman,35
2394,Germany,15
2395,Kim,17
2396,Mayor McDaniels,553
2397,Obese Man 2,8
2398,Yanogapa 1,1
2399,Center Judge,61
2400,Kid,31
2401,Ike Supporter,3
2402,Charles Biggens,30
2403,Yamal,11
2404,Puerto Rican Player,7
2405,Caller,31
2406,M,30
2407,Jakovasaur Kid 2,3
2408,Best Buy Rep,25
2409,Jimmy Kimmel,27
2410,Chief,169
2411,Blavius,135
2412,"Van Gelder, Mr. Mackey",20
2413,Looter 4,3
2414,Looter 3,4
2415,Jeff Gordon,22
2416,Mr. Hakeem,68
2417,Both Kyles,1
2418,Larry King,139
2419,Musician 3,1
2420,Musician 2,15
2421,Choir Boy,34
2422,Hazmat man,4
2423,Thin Plumber,14
2424,Stan/Kyle/ Cartman,3
2425,Rumpertumskin,63
2426,Bennigan's Chef,8
2427,Blackjack Dealer,31
2428,Lola,128
2429,FOX 11 Anchor,32
2430,Mrs. Streible,1
2431,Miss Aliton,20
2432,Mrs. Turner,66
2433,Actors,56
2434,A Member,3
2435,"Kenny, Stan, Cartman",2
2436,Icarus,12
2437,The Class,8
2438,Emo Boy 2,12
2439,Pirate Choir,6
2440,Muslim,1
2441,A Woman,38
2442,Blonde PeTA Member,10
2443,Some People,1
2444,Jo,33
2445,Jakov,209
2446,Loogie,242
2447,Various Folk,1
2448,Hippies,23
2449,Prostitute,5
2450,Michelle,218
2451,DiCaprio,96
2452,Magic,96
2453,Wife,96
2454,Voguing Skier 2,8
2455,Aunt Flo,86
2456,The other kids,8
2457,FDA Agent 1,2
2458,Pioneer Paul,196
2459,Butt Out!,31
2460,The Colonel,119
2461,Counselor,84
2462,Diner 2,15
2463,A pilot,4
2464,Passenger,120
2465,Lowes Pit Boss,12
2466,Grammy,159
2467,Demon 3,64
2468,Rabbity,44
2469,Orc,9
2470,Staffer 2,32
2471,Staffer 3,13
2472,Singer (and backup singers),78
2473,Staffer 1,23
2474,Bishop 3,5
2475,Stingray Announcer,34
2476,Female,35
2477,Chief of Security,85
2478,Jakovasaur Girl,2
2479,Robert Pooner,151
2480,Blonde,164
2481,Harold,29
2482,AARP lookout,4
2483,White Bitch,14
2484,Field Reporter 3,50
2485,Little Boy,8
2486,A boy,2
2487,Field Reporter 2,27
2488,A Musician,6
2489,Number 37,77
2490,France,15
2491,Cheesy Poofs Commercial,26
2492,Naked Man,19
2493,An old farmer,79
2494,Mama,117
2495,Muscleman Marc,35
2496,Lolly,77
2497,Nun,19
2498,Talk Show Host,26
2499,Premise Running Thin,1
2500,Demon 1,84
2501,The Other Boys,4
2502,With Males,9
2503,Colin,7
2504,Patrick Duffy,11
2505,Resident 8,18
2506,Mr. Meryl,170
2507,Three kids,7
2508,Pope Francis,17
2509,Terry,182
2510,Resident 2,23
2511,Al-Zawahri,38
2512,A Doctor,17
2513,Resident 1,63
2514,Resident 6,9
2515,Puff Daddy,94
2516,Resident 4,75
2517,Resident 5,10
2518,King,66
2519,Beavery,89
2520,Judge 4,24
2521,Abraham Lincoln,149
2522,Porcupiney,39
2523,Refugee Man 3,22
2524,Black Woman,6
2525,The Others,1
2526,McGillicuddy,56
2527,Eric Roberts,15
2528,Optometrist,2
2529,Kyle Broflovski,36
2530,Refugees,3
2531,R. Kelly,61
2532,More Voices,2
2533,Detective,226
2534,Lamb Chop,42
2535,Jason,141
2536,Blaintologist,18
2537,Chip,1
2538,Orator 2,42
2539,Orator 1,35
2540,Nerd #1,185
2541,New Mormon,8
2542,Third Graders,6
2543,Nerd #2,133
2544,Brown Hare,3
2545,Dawson,243
2546,Howard Stern,100
2547,Shades Vamp,9
2548,Superman,42
2549,Alton Brown,46
2550,Male CPS Agent,48
2551,Males,14
2552,Kindergarten boy,6
2553,"Kyle, Stan, Cartman",1
2554,Townspeople,6
2555,Denver Poll Worker,25
2556,Another kindergartner,3
2557,Kyan,58
2558,Clyde,776
2559,Cheerleader 1,2
2560,Frida,14
2561,Mr. Torres,1
2562,Paparazzo 6,11
2563,Drummer,3
2564,White Hare,2
2565,George Bush,59
2566,Ben Affleck,2
2567,Mrs. Wyland,4
2568,Janitor 2,3
2569,Ticket Teller,18
2570,OC Member 3,28
2571,OC Member 2,10
2572,OC Member 1,54
2573,Purity Boy 2,15
2574,Carl,36
2575,Penis,10
2576,Dahmer,56
2577,Psychic,59
2578,Women,11
2579,American Male 2,9
2580,American Male 3,3
2581,Executive 1,82
2582,Daughter,44
2583,Kids at Finish Line,7
2584,Blond Boy,2
2585,Ms. Ellen,226
2586,Middling Group,6
2587,Cartman's Conscience,12
2588,The other four,1
2589,Donna,12
2590,Tad's friends,2
2591,Chief elder,185
2592,Fan 1,20
2593,Filmore's Supporters,1
2594,Rachel,36
2595,Demon,1
2596,Board Rep,149
2597,Cpt. Taylor,108
2598,Mongolian,3
2599,Stan/Kyle,7
2600,Evil Kyle,44
2601,Official 1,73
2602,Official 3,17
2603,Official 2,40
2604,Italy,11
2605,Japanese Man 3,6
2606,Photographer,96
2607,Charlotte Poll Worker,9
2608,Scuzzlebutt,3
2609,Cheney,4
2610,Japanese Man 5,6
2611,Japanese Man 4,3
2612,Canyoner,26
2613,Cartmans/Boys,32
2614,Robot Guard,1
2615,Cee Lo Green,25
2616,Token's father,10
2617,Foley,21
2618,Refugee Man 1,6
2619,Refugee Man 2,26
2620,Esther,5
2621,Jonas Brothers,131
2622,Refugee Man 5,68
2623,Associate,15
2624,Otter 1,30
2625,Human Wendy,30
2626,Red Goth,113
2627,Deputy 1,15
2628,Cops,23
2629,Deputy 2,2
2630,Man 13,13
2631,BSM-471,222
2632,People in Audience,2
2633,Transient Man 5,81
2634,Transient Man 4,26
2635,Phyllis,51
2636,Chief Running Pinto (Tommy Chong in his stoner voice),15
2637,Transient Man 1,29
2638,Transient Man 3,23
2639,Girl with Blue Vest,4
2640,Cop,16
2641,Cow,13
2642,Fire Marshal,103
2643,A Man,30
2644,Jennifer Lopez,198
2645,Promoter,91
2646,Chorus,8
2647,Some people,4
2648,Mr. Tucker,29
2649,Nancy,61
2650,Mr. Farkle,49
2651,Hispanic Reporter,91
2652,Sound Engineer,23
2653,Bobby Flay,28
2654,The Harrisons,5
2655,Carter,40
2656,Programmer 4,3
2657,Assemblyman 1,13
2658,Mrs. Melman,7
2659,Crip 2,11
2660,Programmer 1,2
2661,Programmer 2,15
2662,The TV,4
2663,Bible Vendor,6
2664,Millionaire 1,6
2665,An Expert,32
2666,Melita,38
2667,Zipliner,1
2668,Barack Obama,5
2669,Programmer,10
2670,Dennis,21
2671,Operative,2
2672,Nelson,186
2673,Ed McMahon,15
2674,Reeve,186
2675,Random Voices,3
2676,Roadie 2,8
2677,Porsche,98
2678,Agent 12,14
2679,Agent 10,9
2680,Agent 11,6
2681,"Celine, Terrance, Bob, Phillip, and people on the field",8
2682,Mr. Turner,55
2683,Fans,13
2684,Tyler,25
2685,Roadie,20
2686,Ms. Crabtree,275
2687,"Cartman, Kyle, Kenny",2
2688,Alias 3,8
2689,Alias 2,10
2690,Alias 1,26
2691,Controller 1,15
2692,Confederate Reenactors,1
2693,Alias 4,9
2694,Jersey Man 2,7
2695,Lesbian 10,11
2696,Paul Allen,20
2697,Number 17,29
2698,Mr. Hankey,608
2699,Other acts,1
2700,Marine,6
2701,Goodell,93
2702,BBC Anchor,27
2703,Guard on Right,9
2704,Dio,55
2705,Boy #1,15
2706,Boy #2,29
2707,President Bush,100
2708,Three Tortured Souls,3
2709,Crowd members,4
2710,BP Man 4,3
2711,Guide 1,11
2712,Thom,117
2713,Billy,224
2714,Bar Patron 2,19
2715,Aslan,230
2716,Man in Back,1
2717,Head nurse,10
2718,ESPN Announcer,13
2719,Pirates,11
2720,Kenny,1004
2721,Millionaire Protesters,4
2722,BP Man 1,9
2723,OC,1
2724,"Kyle, Towelie",1
2725,Teacher,197
2726,Bradley,157
2727,Lead Alien,38
2728,Laborers,5
2729,Geldon,5
2730,T-Shirt Vendor,9
2731,M. Night Shyalaman,38
2732,Crip,16
2733,Paparazzo 10,16
2734,TSA Agent 1,34
2735,President Obama,141
2736,Stagehand,96
2737,Weird Man,21
2738,Gerald/Chris,3
2739,Other Seniors,1
2740,"Stan, Kyle, Kenny, Cartman",2
2741,Mr. Biggle,82
2742,Toby,19
2743,An Official,6
2744,Isiah,26
2745,Flight Attendant,133
2746,Prosecutor,78
2747,Other psychics,1
2748,Mr. Streible,75
2749,Lesbian 4,13
2750,"Chef, Victoria, Mackey",1
2751,Jesse Jackson,67
2752,Frank,244
2753,Artist,13
2754,Brett,96
2755,Sixth Graders,8
2756,Mephesto,640
2757,The Three Spirits,5
2758,Dr. Doom,7
2759,Big Harry,72
2760,The Kids,4
2761,Attendant,47
2762,Third Official,16
2763,Boy,185
2764,French Canadians,25
2765,Elon Musk,69
2766,Guests in line,1
2767,Large Crip,5
2768,Bill,278
2769,Girl in Pink,110
2770,People in Crowd,8
2771,David,180
2772,Bikers,7
2773,Toss-A-Ball Operator,27
2774,Head Waiter,30
2775,Governor,192
2776,HazMat official,10
2777,Davis,42
2778,Businessman,14
2779,Michael Collins,50
2780,Russia,6
2781,"Sheila, Gerald",7
2782,Japanese Woman,9
2783,Alvin,8
2784,Bart,59
2785,Ron,192
2786,Older Louse,39
2787,Rod,13
2788,MJ's Hologram,15
2789,Captain Bly,11
2790,Roy,125
2791,Mohawk Vamp,6
2792,Falsetto,41
2793,Pat O'Brien,40
2794,Mr. Grazier,136
2795,Mr. Bell,48
2796,Captain,270
2797,Leonardo DiCaprio,12
2798,Mr. Stevenson,91
2799,Man 9,65
2800,Man 8,89
2801,Beary,70
2802,Scary Assistant,17
2803,Case Worker,37
2804,Man 1,473
2805,Spy Angel,27
2806,Both parents,1
2807,Man 2,418
2808,Man 5,133
2809,Man 4,202
2810,Man 7,123
2811,Man 6,107
2812,Hasselback,2
2813,Michael Bay,51
2814,Hula Dancers,9
2815,A Dentist,2
2816,Violet Hare,8
2817,Cartman on Left,29
2818,FC Pitcher,51
2819,Bum 3,5
2820,French Cardinal,24
2821,Kitty,15
2822,Megan,2
2823,Cleric 1,8
2824,Ugly Girl,2
2825,Sports Reporter,13
2826,Joe Jonas,26
2827,Motel Clerk,31
2828,Grandmama,95
2829,Stinky,29
2830,Policeman Brown,21
2831,Security Guard 1,6
2832,Bartender,67
2833,Bus Driver,134
2834,Mr. Casher,23
2835,Patron with hat,13
2836,Mr. Johnson,14
2837,Gunsmith,57
2838,Soloist,18
2839,Foreman,61
2840,New Yorkers,1
2841,Large woman,18
2842,Transient Man 2,19
2843,Blacksmith,6
2844,Wigger,25
2845,O.J. Simpson,17
2846,Star Wars Kid,21
2847,Big Woman,21
2848,Mayor McDaniels.,5
2849,Kevin Harris,115
2850,Shopper 12,4
2851,NAMBLA Member,13
2852,"Kyle, Stan",4
2853,Roulette Dealer,4
2854,Boy #1*,25
2855,Shvek,163
2856,Grampa,202
2857,Native paddler in vest,3
2858,Shopper 11,3
2859,Bum 8,1
2860,Dr. Schwartz,65
2861,Cruise,83
2862,Dr. Roberts,159
2863,Grandmother Mother,11
2864,Florence,53
2865,Confederate 1,1
2866,Bob,158
2867,Butters and the Freaks,48
2868,Bum 4,1
2869,Karl Rove,10
2870,Black Vamp,93
2871,A Page,3
2872,Personnel,7
2873,Nick Jonas,3
2874,Townsperson 2,6
2875,Steve Jobs,217
2876,Mencia,63
2877,Uncle Murray,7
2878,Mrs. Appleby,37
2879,"Neely, Davis",2
2880,Cartman's Side,1
2881,An Officer,18
2882,First Mate,12
2883,Counselor Steve,9
2884,Kyle/Stan,1
2885,Voices,8
2886,Sandy Cervix,103
2887,Director 2,104
2888,Director 3,97
2889,Commissioner,1
2890,Director 1,54
2891,Mr. Mackey's Father,11
2892,Director 7,17
2893,Director 4,22
2894,Director 5,35
2895,TV,22
2896,Director 8,13
2897,Director 9,2
2898,Prop. 10 Supporter,4
2899,Agent Keen,49
2900,Danica Patrick,20
2901,Whispers,8
2902,A Cowboy,19
2903,Print Reporter,13
2904,Fleetwood Mac,16
2905,Mr. Donaldson,142
2906,Principa Victoria,1
2907,Marvin Marsh,4
2908,Burly man,21
2909,Customer,62
2910,Neely,18
2911,Tony Kornheiser,48
2912,Perseus,65
2913,Cartman on Right,5
2914,Cast,34
2915,Frankenstein Alien,29
2916,Mousey,48
2917,Munky,45
2918,Queen Gertrude,13
2919,Dentists,2
2920,Emmett,13
2921,Beavery Beaver,25
2922,Clinic Doctor,166
2923,Clean Garrison,77
2924,Ruby Tucker,1
2925,Michael Buffer,45
2926,Webber,49
2927,Guard 8,16
2928,Guard 9,6
2929,Blonde PeTA Member 2,25
2930,Craig's Father,15
2931,Mel,157
2932,A voice,108
2933,Guard 1,104
2934,The boys,23
2935,Guard 3,47
2936,Guard 4,8
2937,Guard 5,3
2938,Guard 6,19
2939,Guard 7,5
2940,Lars,26
2941,Man With Picket Sign,3
2942,Henchman,4
2943,Disfigured Country Singer,109
2944,Coworker,3
2945,Fan wearing #3,8
2946,Scouts,15
2947,Fonzie,13
2948,Visitor Driver,1
2949,Dispatcher 3,12
2950,Betsy,157
2951,Indian Ambassador,9
2952,Apple Man 4,5
2953,Elder Schwartz,28
2954,Leprechaun,40
2955,Gil,5
2956,Robber 1,41
2957,Robber 2,28
2958,Robber 3,20
2959,Robber 4,23
2960,Apple Man 1,81
2961,Bonds,7
2962,Louse 3,3
2963,Mr. Glughgogawk,1
2964,Mall Bunny,58
2965,Joint,35
2966,A British person,45
2967,Intruder,86
2968,Sixth Grader,22
2969,Nurse 1,6
2970,Chinese kid,4
2971,Hell Director,40
2972,Canadian,4
2973,A woman,12
2974,A director,3
2975,Clown,8
2976,Tuong Lu Kim,367
2977,"Stan, Cartman",18
2978,Mrs. Brooks,37
2979,John Walsh,63
2980,Vamps,2
2981,Afro Ninja,23
2982,Tad and friends,2
2983,Ambassador,52
2984,Computer Voice,22
2985,Floating Man,1
2986,Ethiopians,3
2987,Woodpeckery,16
2988,Mr. Brown,78
2989,Kanye (backup singers),97
2990,Manning,14
2991,Resident Bishop,32
2992,NAMBLA leader,77
2993,SNN Correspondent,79
2994,Partner,131
2995,Cesar,263
2996,A few Congressmen,5
2997,Liane and Cartman,20
2998,A Banana,9
2999,White Chef,26
3000,Gambler 3,11
3001,Gambler 2,10
3002,Gambler 1,10
3003,Jerry Jones,7
3004,Gambler 4,7
3005,A Fangirl,4
3006,Nurse,189
3007,Mailman and Kids,30
3008,Other Officers,10
3009,"Cartman, Butters",15
3010,Jessica,39
3011,Rescuer 2,28
3012,Rescuer 3,13
3013,Rescuer 1,44
3014,Rescuer 6,5
3015,Rescuer 4,6
3016,Rescuer 5,5
3017,Tucker,87
3018,Boys,135
3019,The Family,1
3020,Everyone Else,3
3021,Cartamn,6
3022,Mrs.McCormick,36
3023,Guest 1,2
3024,Cavity Creeps,5
3025,TV Newscaster,26
3026,Marty,84
3027,Publisher,69
3028,Field Reporter 1,80
3029,Official,145
3030,Man in foreground,1
3031,Photo Seller,16
3032,Lead FBI agent,17
3033,Professor Chaos,284
3034,Surgeon-General,59
3035,"Stuart and wife, and Receptionist",1
3036,"Steve ""Last Call""",24
3037,Referee 2,5
3038,UPS Man,103
3039,Some audience members,2
3040,Dr. Phil,90
3041,Other Students,1
3042,The Tape,71
3043,Aunt Jemima,43
3044,Gerry's Daughters,1
3045,TSA Agent 2,40
3046,Michael Taylor,15
3047,Staff,4
3048,ALF Leader,108
3049,Vet,57
3050,Instructors,4
3051,Biker 10,18
3052,Doctor,831
3053,Dan Snyder,162
3054,Chief Joe,71
3055,Robert,162
3056,Princesses,26
3057,Older Boy,85
3058,Nick,35
3059,Army Doctor,6
3060,Paparazzo 11,6
3061,Fan wearing #74,3
3062,Paparazzo 12,12
3063,A bishop,33
3064,Ms. Garrison,89
3065,Elder Carn,6
3066,Dale,4
3067,Toothbrush,13
3068,Females,20
3069,All Three,3
3070,Bookie,15
3071,Lady 2,14
3072,Lady 1,47
3073,Katherine,129
3074,The Cotswolds,6
3075,Susan92's profile,9
3076,Yanogapa,1
3077,Choir,107
3078,Dr. Janus,301
3079,"The New Lyrics, part II",70
3080,Bill Clinton,27
3081,Co-Worker,2
3082,Short Man,26
3083,Richard Tweak,299
3084,M.C.,147
3085,Bee Alien,23
3086,Protester 4,8
3087,DOI 1,130
3088,Mimsy,249
3089,DOI 3,20
3090,DOI 2,90
3091,Protester 3,15
3092,Fan wearing #82,3
3093,Pirate Ghost 2,1
3094,Captain Hindsight,234
3095,Deery Deer,13
3096,Darryl Weathers,299
3097,Trucker,54
3098,Mountie,10
3099,Bearded PeTA Member,33
3100,Mamsie,22
3101,Nicole,59
3102,Background Singers,6
3103,Israeli,10
3104,CNN Anchor,111
3105,SNN Reporter,107
3106,FBI Agent,114
3107,Fire Chief,7
3108,DP Executive 1,10
3109,Dr. Tonton,37
3110,Rider 2,4
3111,Rider 1,14
3112,Rabbi 3,22
3113,Joline,51
3114,Cop 2,22
3115,Contestant,11
3116,Lead Convict,20
3117,Poor Mom,21
3118,Hackman,76
3119,Elderly Man 4,11
3120,Autumn,89
3121,Pink Monster,20
3122,Stan and Jesus,4
3123,Schwarzenegger,21
3124,Elderly Man 2,24
3125,Elderly Man 3,6
3126,Old Monk,52
3127,Elderly Man 9,12
3128,Psycho Janus,19
3129,Beast,12
3130,With the Kennedys,8
3131,Mr. Sanders,87
3132,Taco Bell Exec,41
3133,Celine,3
3134,Walter,21
3135,Cat Burglar,14
3136,Cliff,70
3137,Mother 1,10
3138,Henrietta's Mom,26
3139,Mother 2,16
3140,Nathan,434
3141,Trapper Keeper,16
3142,Postum,176
3143,Elderly Man 5,2
3144,Laborer 5,32
3145,Elderly Man 6,14
3146,Ryan,133
3147,SWAT rescuer Hansen,1
3148,Rosie,14
3149,Beefcake,66
3150,Randy's profile,8
3151,The Doctor,112
3152,Elderly Man 1,15
3153,Spectator,3
3154,Female announcer,45
3155,Shelley,34
3156,Peg-leg,2
3157,The Office,3
3158,THC President,189
3159,Bat Dad,59
3160,The South Park boys,1
3161,Salesman,54
3162,Elderly Man 7,6
3163,Centers,4
3164,Another boy,2
3165,Guard,190
3166,Manymoons,44
3167,Receptionist,308
3168,Looter 2,9
3169,Wise Man,45
3170,Blond Member,17
3171,Townsman 17,1
3172,OC Members,17
3173,Townsman 15,6
3174,Townsman 14,2
3175,Townsman 13,4
3176,Townsman 12,1
3177,Townsman 11,2
3178,Townsman 10,2
3179,Greeley Officer 2,5
3180,Molly,1
3181,Greeley Officer 1,19
3182,Smith,231
3183,Elder Garth,203
3184,Alan,24
3185,A British Person,259
3186,Aide 1,195
3187,Mr. Hat Actor (!),4
3188,Aide 3,83
3189,With Females,8
3190,Hooker,4
3191,"Stan, Cartman, Kenny",6
3192,Male Diner,30
3193,Man in background,2
3194,Sound man,40
3195,"Mark, Jenny",2
3196,Mr. Foley,151
3197,Cop 1,30
3198,Beary Bear,39
3199,Director,352
3200,Kevern Zaksor,52
3201,Stu,30
3202,Shopper 13,7
3203,Elderly Man,89
3204,Will Smith,134
3205,Pamphleteer,138
3206,Runs with Premise,204
3207,Volunteer,55
3208,Kip's Dad,52
3209,Mr. Tumnus,9
3210,Tech 4,44
3211,Tech 5,10
3212,Tech 2,37
3213,Tech 3,41
3214,Tech 1,16
3215,Rosie O'Donnell,88
3216,Cat,9
3217,Mrs. Joe,84
3218,Mr. Kincade,228
3219,Mother,85
3220,Janitor/Farmer 1,94
3221,Lady Judge,31
3222,The Mayor,229
3223,Obese woman,3
3224,Goth Voice,14
3225,Tall Goon,14
3226,Sam,9
3227,Most Senators,1
3228,Dark Cub,8
3229,Company rep,55
3230,Chef and James Taylor,2
3231,Kylie,6
3232,Sailor,10
3233,Mrs. Campbell,34
3234,Uncle Budd,31
3235,Security Guard,158
3236,Moroni,74
3237,Farmer,76
3238,Patron 10,2
3239,Steve Bischiotti,11
3240,Mohammad,75
3241,Townsman 9,7
3242,Milly,31
3243,Pat Sajak,79
3244,Future Cartman,54
3245,Spectator 1,15
3246,Spectator 2,22
3247,Grandma Marsh's profile,10
3248,Cardinal Mallory,9
3249,Chief Running Pinto,89
3250,SWAT Officer 3,23
3251,Wendy,1315
3252,Billy's Mom,10
3253,Shawna,82
3254,Father Barnes,15
3255,Cameraman,74
3256,Blonde 2,7
3257,"Kyle, Stan, Butters",1
3258,All three men,1
3259,Tom Green,14
3260,Terrance & Phillip,29
3261,Blonde 3,1
3262,German 1,6
3263,Kids around Kenny,1
3264,Tom Nelson,43
3265,Denver citizens,1
3266,Redneck,8
3267,Baby,9
3268,Cartman,8922
3269,Nurse Bronski,74
3270,Left Creature,1
3271,Rob Reiner,379
3272,Walter Cronkite,56
3273,Canadians,143
3274,Senator,28
3275,Jimmy Buffet,4
3276,Audience members,5
3277,TV Voice,20
3278,Ween,13
3279,Ginger Boy,45
3280,Kyle's Team,3
3281,Leader Turkey,2
3282,Sheila Broflovski,33
3283,Robot Monkey,1
3284,BUDS Man,35
3285,Dreadlocked PeTA man,16
3286,Ticket agent,12
3287,Jesus' Producer,45
3288,Bradley Biggle,7
3289,AARP Members,2
3290,Blond agent,1
3291,Hyde,57
3292,Park County,5
3293,Mr. Circlovich,5
3294,Black Man 2,6
3295,Black Man 3,2
3296,Elderly Man 8,12
3297,Sondheim,75
3298,Other Girls,1
3299,Male 1,45
3300,Audience Members,14
3301,Jamie,26
3302,Sound Man,1
3303,Jeff White,28
3304,Little Slave,14
3305,Halfy,6
3306,Elderly Voice,4
3307,Two Elders,1
3308,Boy with Red Scarf,4
3309,Millie,48
3310,"Mr. Mackey, Principal Victoria",1
3311,Dickinson,63
3312,Honey Boo Boo,72
3313,Goths,1
3314,Petey/Boys,1
3315,Coach 2,30
3316,Michael Moore,16
3317,Stuart and Mrs. McCormick,1
3318,Some adults,2
3319,Many Men,4
3320,A Quarantine,7
3321,Secret Service Leader,21
3322,Tea Bag Participant,33
3323,A Driver,12
3324,Midget,36
3325,COCKA-3,7
3326,Other Soldiers,5
3327,Prerecorded Voice,5
3328,Steve Black,62
3329,Tom and Mary,4
3330,Lincoln,1
3331,Little Vamp,12
3332,Dawkins,4
3333,Meredith,24
3334,Solders,5
3335,Av 3,7
3336,Av 2,1
3337,Elephant Man,74
3338,Fat Cop,19
3339,Some boys,1
3340,Teen girl,33
3341,"Satan, Chris",1
3342,Some Townsfolk,3
3343,Nobunaga,9
3344,Other Members,10
3345,Ladies,1
3346,Kanye West,4
3347,Skunky,42
3348,U.S. Army Official,43
3349,Mrs. Crabtree,13
3350,Rookie Guard,10
3351,A Nun,2
3352,Puffy the Bear,11
3353,Petey,207
3354,Michael Richards,1
3355,Black Plumber,28
3356,KKK Leader,112
3357,HC drivers,1
3358,Man 28,4
3359,A Catfish,10
3360,Melvin 2,8
3361,Patsy Ramsey,56
3362,Gay Lion,1
3363,Coon's Friends,6
3364,Engineer,12
3365,Miner 4,6
3366,Pat,191
3367,Voice over,12
3368,Richard,307
3369,Miner 1,110
3370,Lift Operator,10
3371,Sixth Grade Leader,79
3372,Xenu,3
3373,Older kid,7
3374,Man 24,4
3375,Marcus,77
3376,Randy and the Boys,2
3377,Garrison's profile,5
3378,Man in Vest,25
3379,Top Girl,5
3380,Pan,9
3381,Lambtron,14
3382,New Yorker 2,2
3383,John,25
3384,Carson replica,7
3385,Miss Stevenson,187
3386,Colleague 2,9
3387,Blood,8
3388,Lady Protester,21
3389,Colleague 1,16
3390,Man 21,4
3391,Crewman 1,34
3392,Crewman 2,24
3393,Officer 8,15
3394,Crewman 4,10
3395,Crewman 5,7
3396,Crewman 6,19
3397,Man with No Limbs,7
3398,Officer 3,116
3399,Female Reporter 2,14
3400,Officer 1,378
3401,Man 23,4
3402,Officer 7,61
3403,Officer 6,25
3404,Officer 5,70
3405,Bald Knight,9
3406,UAA Woman,35
3407,Braided Crip,6
3408,Cult Leader,69
3409,McGuire,7
3410,Stephen Stotch,27
3411,Lumberjack,18
3412,Kenny G.,26
3413,Bouncer,60
3414,Millionaire,13
3415,Priest,207
3416,Stan/Kyle/ Kenny,1
3417,Horace,42
3418,Heidi,114
3419,Tommy,31
3420,Becker,9
3421,Boys 1/2,7
3422,Cheerleaders,41
3423,Sir Harrington,64
3424,Jeff Arrando,20
3425,Mr. Freely,54
3426,TV Crew Director,15
3427,An Older Girl,3
3428,Iraqi General,66
3429,Red Cross Chick,16
3430,Barbardy,10
3431,Ginger 1,48
3432,Donald,7
3433,Ginger 3,17
3434,Ginger 4,13
3435,Cochran,150
3436,Poe,154
3437,Bishop,160
3438,Raccoony,46
3439,Everybody,34
3440,Aging Hippie Liberal Douche,69
3441,Sonny,27
3442,With Boys,8
3443,Blonde Mother,16
3444,Townsman 16,7
3445,Paris,269
3446,Dreadlocked PeTA Man,9
3447,Mormon 3,1
3448,Mr. Adler,257
3449,SS Agent,20
3450,Ringtone,1
3451,UAA Leader,138
3452,Man with Afro,2
3453,Hatoyama,26
3454,Diner 4,7
3455,Diner 3,7
3456,Phil Collins,171
3457,Stallone,13
3458,Zazul,41
3459,Man in audience,3
3460,Big Blonde,8
3461,Goat,10
3462,Pops,37
3463,Miss Information,160
3464,Male Voice,2
3465,Pimp 2,49
3466,Artsy Man,11
3467,Vanessa,28
3468,Jack Brolin,39
3469,Kris,15
3470,"Gary Sr., Karen",2
3471,"Kenny, Stan",1
3472,BBC Announcer,5
3473,Resident 9,19
3474,Mom,136
3475,Greeley Officer 3,29
3476,Groundskeeper,15
3477,Troupe,7
3478,Dispatcher,16
3479,Other NAMBLA Men,5
3480,Owners,1
3481,Sister Anne,201
3482,Expert 8,2
3483,Stella,154
3484,Cartman and Kyle,2
3485,Boy in Blue Vest,84
3486,Resident 3,32
3487,Expert 1,84
3488,FBI Leader,33
3489,Expert 3,17
3490,Expert 4,122
3491,Expert 5,2
3492,Expert 6,18
3493,Expert 7,24
3494,Pastor Phillips,50
3495,"You And Me, Girl",40
3496,Sinéad,19
3497,Maury,257
3498,Wyoming Coach,4
3499,Brad Morgan,82
3500,Resident 7,4
3501,Police Captain,43
3502,Tom Shane,4
3503,Mr. Mackey,1881
3504,Expert 2,50
3505,Towelie Clone,2
3506,Sarah's Mom,21
3507,Buddha,53
3508,Pizza Hut Exec,22
3509,Draco,6
3510,Pat the Hammer,18
3511,Polly Prissypants,109
3512,"Kyle, Butters, Tweek",1
3513,Jogger,14
3514,Ted,19
3515,The Cubs,7
3516,Other People,1
3517,Techs,1
3518,Lao Tzu,14
3519,Lawrence,52
3520,Two Small Voices,1
3521,Kal,43
3522,Jenkins,31
3523,Redneck 23,3
3524,Commentator,190
3525,Boy in glasses,6
3526,Unkempt Garrison,49
3527,Nurse 2,11
3528,Mr. Tuong,23
3529,Reporter Chris,100
3530,Toolshed,240
3531,Butt Out! Lady,31
3532,Annoucer,18
3533,Patron 8,27
3534,Filmore,104
3535,The Boys (except Cartman) and Dr. Phillips,4
3536,Tough Boy 3,11
3537,Representative,31
3538,Patron 1,49
3539,Patron 2,44
3540,DMV Official,32
3541,Volunteer 1,10
3542,Patron 5,3
3543,Patron 6,18
3544,Patron 7,1
3545,Pirate Ghosts,2
3546,Wrangler,5
3547,Mr. Peters,87
3548,Yates,597
3549,Hall Monitor,16
3550,Korashki,52
3551,AARP leader,47
3552,Gram'ma,8
3553,Hooded Figure,61
3554,Tony Hayward,155
3555,Reenactor,3
3556,Soldier 5,25
3557,Damned Soul,3
3558,Mr. Adams,238
3559,Anchor,829
3560,Soldier 1,45
3561,Maggie,76
3562,Designer,34
3563,Rancid,17
3564,Mephesto Tryout,14
3565,"Cartman, Choir",21
3566,ATF Leader,24
3567,Umpire,33
3568,Bums,5
3569,Other Townsfolk,1
3570,Desk Officer,2
3571,Other Kids,7
3572,Comrade 1,10
3573,Comrade 2,8
3574,Cows,4
3575,Teen MC,49
3576,Bum 1,3
3577,Chauffeur,29
3578,Mr. Stevens,17
3579,Bum 2,3
3580,Bum 5,1
3581,Crowd,134
3582,Bum 7,9
3583,Bum 6,1
3584,Bum 9,7
3585,The Ghost of Human Kindness,135
3586,Beat-up Boy,1
3587,Girls,65
3588,Big Gay Al,403
3589,Mr. Harrison,8
3590,With Choir,45
3591,An officer,24
3592,Squirt,34
3593,Barbrady Actor,30
3594,El Presidente,151
3595,Tough Guy 1,119
3596,Balding Man,163
3597,With the Damned,14
3598,Tiger Woods,15
3599,Farmers,1
3600,The Scenes,51
3601,Some Guy,1
3602,Middle Dwarf,13
3603,Sergeant Yates,8
3604,Osama bin Laden,98
3605,Snooki,9
3606,Flora,11
3607,Center,33
3608,Redneck 19,10
3609,Gerald Broflovski,14
3610,Alan Jackson,70
3611,TiVo,4
3612,Guest 4,1
3613,Guest 3,4
3614,Guest 2,7
3615,Sheep,1
3616,Richardson,36
3617,"Cartman, Stan",2
3618,Inductee 1,2
3619,Redheaded Prostitute,6
3620,Linda Black,25
3621,"Token, Kyle, Stan",2
3622,Medicine Man,20
3623,Rob Schneider,7
3624,Shlomo,17
3625,Toodee,6
3626,"Kyle, Ms. Crabtree",1
3627,Mr. Wyland,206
3628,General,587
3629,Bucky Bailey,126
3630,Demonius,48
3631,Poor Girl,10
3632,Minstrel,65
3633,Chad's Dad,7
3634,South Park Men,1
3635,Both Parents,2
3636,Yanogapa 2,1
3637,Greg Nimins,83
3638,"Craig's father, Tom",22
3639,Tour Guide 2,36
3640,News 4 Anchor,67
3641,Secret Service Agent,5
3642,Tech 7,11
3643,Two Guys,2
3644,Garrison 1,12
3645,MJ's hologram,70
3646,Steven Spielberg,191
3647,Talent Scout,59
3648,Hamlet,103
3649,Mob,15
3650,Mr. Kim,271
3651,Mrs. Tweek,59
3652,Ashley,9
3653,Chris Holt,72
3654,Incredibly Obese Black Man,11
3655,Doctor's assistant,2
3656,Elderly Woman 4,11
3657,Priest 4,6
3658,Elderly Woman 6,10
3659,Elderly Woman 7,6
3660,Priest 1,66
3661,Elderly Woman 1,20
3662,Elderly Woman 2,9
3663,Elderly Woman 3,7
3664,HBC President,134
3665,"Dahmer, Gacy",1
3666,Mr. Dawkins,227
3667,Bear,1
3668,White Bouncer,9
3669,Photographer 2,12
3670,Black Official,29
3671,Catatafish,133
3672,Miley Cyrus,27
3673,Postem,17
3674,Photographer 4,3
3675,Reporter 5,9
3676,Reporter 4,39
3677,Reporter 6,3
3678,Reporter 1,126
3679,Reporter 3,128
3680,Reporter 2,230
3681,Member 1,119
3682,Japanese woman,35
3683,Huddle,1
3684,Judge Julie,130
3685,Fred Savage,2
3686,Man in Barrel,4
3687,Woodsy Owl,24
3688,Funbot,5
3689,Officer Barbardy,12
3690,Audience,45
3691,Cheesy Poof Cartman,1
3692,Kylie's Mom,13
3693,Manuel,3
3694,Female singer,42
3695,Mitchell,218
3696,Angel 9,6
3697,Neighbors,1
3698,Strawberry Shortcake,7
3699,"Cartman, Kyle",3
3700,Garrison 2,12
3701,Man In Wheelchair,2
3702,Mr. Feegan,99
3703,Larger Group,11
3704,Two kids,1
3705,Herbert Garrison,293
3706,Pricipal Victoria,32
3707,Elderlay man,1
3708,Bill Gates,18
3709,R. Booth,13
3710,Wally B.,7
3711,Funnybot,209
3712,Mike,227
3713,Travolta,47
3714,Other Execs,5
3715,Disciples vocalist,7
3716,Tour Guide,322
3717,UAA 2,5
3718,UAA 3,16
3719,"Clyde, Ike",2
3720,Marcia,8
3721,Older Woman,13
3722,Seaman,81
3723,Odd Boy,41
3724,Dr. Phillips,151
3725,Ethiopian Woman,3
3726,Zombie Mortician,3
3727,Angel 3,42
3728,FC Batter,20
3729,Uncle Corey,4
3730,Matt,137
3731,Other Vamps,1
3732,Blanket,150
3733,Broker,28
3734,Mr. Hardly,96
3735,Fan,3
3736,Fan 2,12
3737,Cowlick Vampire,10
3738,Hobo,24
3739,Newscaster,147
3740,Gerry,81
3741,FBI Negotiator,6
3742,Reginald,10
3743,The Human Kite,40
3744,Butt Out!'s Kyle,36
3745,Redneck 10,12
3746,Officer,257
3747,Looter 1,4
3748,Al Gore,358
3749,Bar Patron 1,26
3750,Emperor Hirohito,36
3751,Ms. McCormick,20
3752,BP Man 2,5
3753,BP Man 3,14
3754,Schwartz,34
3755,Attendant 1,38
3756,Nathan's Mom,52
3757,Mr. Denkins,11
3758,Supporter 4,2
3759,Agents,2
3760,Contestant 2,8
3761,Firefighter,8
3762,Pedo 7,5
3763,Laborer 2,30
3764,Laborer 3,5
3765,Brad,3
3766,Laborer 1,85
3767,Laborer 4,13
3768,Oprah,241
3769,Chief Aide,95
3770,Laertes,80
3771,Mandy,13
3772,"The Ramseys, O.J., Condit",5
3773,Man With No Face,35
3774,Shopper 10,5
3775,Jim Irsay,37
3776,Townsperson 1,7
3777,Editor,29
3778,Umpire 2,31
3779,Another Cardinal,29
3780,Mr. Mathers,18
3781,Jonathan,249
3782,"Clyde, Kenny",1
3783,The Coon,352
3784,Mr. Garrett,94
3785,FC Announcer,28
3786,Eugene Levy,8
3787,Buff Crip,104
3788,Vendor,5
3789,Standing Patron,13
3790,Rick Watts,12
3791,Redneck 15,5
3792,Michael Douglas,1
3793,Mrs. Tenorman,22
3794,Female Psychic,72
3795,Terrorist #1,4
3796,OC Leader,60
3797,An Elderly Woman,6
3798,Flight attendant,28
3799,Mrs Cartman,1
3800,Kids around Timmy,1
3801,Paramedic 1,10
3802,Gary,357
3803,Robot,20
3804,Phillip Stand-in,49
3805,Ms.McCormick,2
3806,Patron 3,37
3807,Milo,11
3808,Alanis Morissette,2
3809,Cartman/ Kenny,1
3810,Thin Cop,41
3811,Johnny,16
3812,Persians,1
3813,Students,4
3814,Patron 4,2
3815,Townswoman,19
3816,David Duchovny,3
3817,Japan,36
3818,Uncle Jimbo,51
3819,Mayor,926
3820,Army Official,40
3821,Chief Elder,29
3822,Kid Magician,1
3823,Karin,36
3824,Jambu,130
3825,SP Adults,1
3826,TupperWear,38
3827,Man in Brown Shirt,8
3828,Foxy,41
3829,Iraqi,10
3830,Gnome 5,18
3831,Gnome 4,5
3832,Gnome 3,7
3833,Gnome 2,85
3834,Gnome 1,46
3835,Researcher 1,117
3836,Charlie Rose,129
3837,Purity Boy 1,39
3838,Human Kite,181
3839,Mr. Pirrip,23
3840,Recruits,1
3841,Tong Leader,167
3842,Man With Grey Hair,29
3843,Kid #2,7
3844,Cashier,174
3845,Purity Boy 3,11
3846,Driver 3,18
3847,Ghetto Avenue Boys,9
3848,Lab Tech 1,39
3849,Dr. Shay,70
3850,Spiky Vampire,27
3851,Summit Host,14
3852,Child,7
3853,Lice,2
3854,Brunet,149
3855,Vocalist,6
3856,"Randy, Sharon",5
3857,Marklar dispatcher,7
3858,Mr.Mackey,10
3859,The Gintses,1
3860,Oprah Winfrey,46
3861,Older man,145
3862,Witches,10
3863,Gang Members,29
3864,Sony President,58
3865,Another Ambassador,26
3866,Bob Saget,140
3867,Madame Foreperson,23
3868,Policeman 1,31
3869,Jenny,118
3870,Specialist 2,13
3871,The Team,2
3872,Tom Johansen,28
3873,Greeley Batter,1
3874,Kelly Pinkertonstinfurter,1
3875,Lion 1,11
3876,Lion 2,17
3877,The Other Members,1
3878,Rabbi,66
3879,Mr. Jarvis,30
3880,Right Creature,3
3881,Purple Hare,1
3882,DP Executives,4
3883,Priest Maxi,549
3884,Female Activist,4
3885,Polly,69
3886,Vice President,98
3887,British Delegate,20
3888,Garth,8
3889,Galeed,77
3890,Elderly woman,3
3891,John Warzog,74
3892,Denver Catcher,9
3893,American Male 1,11
3894,Construction Worker,37
3895,Sergeant,109
3896,Anchorman Tom,98
3897,Doctor 1,21
3898,Tardy Man,11
3899,Future Stan,170
3900,Mr. Harris,31
3901,Moderator,37
3902,Mr. Donovan,83
3903,Miss Travis,15
3904,Younger man,40
3905,Cleric 2,15
3906,Gordon Stoltski,54
3907,Centers and Right,12
3908,Farmer Friend 2,44
3909,Denver Cop,9
3910,Player 4,5
3911,Franklin,56
3912,Old Man 2,23
3913,Pedo 2,13
3914,Pedo 3,9
3915,Pedo 4,2
3916,Pedo 5,1
3917,Pedo 6,3
3918,Stage hand,3
3919,Crab Man 2,33
3920,Crab Man 3,21
3921,Deery,47
3922,Cleric 3,32
3923,Lesbian 8,3
3924,Bishop 2,3
3925,Bishop 1,1
3926,Uncle Stinky,9
3927,Side Judge,7
3928,Liane,1106
3929,Shake Weight,170
3930,Morgan,34
3931,Mr. Pratt,42
3932,Congressman,1
3933,Cardinal Mahoney,82
3934,Fuhrman,57
3935,Page,37
3936,Stewart,111
3937,Saddam Hussein,83
3938,Coach,296
3939,Proctologist,53
3940,Lion-head Alien,24
3941,The three men,2
3942,Aunt Nellie,41
3943,Kyle Two,308
3944,CEO,26
3945,Fat Man,31
3946,Yimenez,9
3947,Lady Member,133
3948,Doctor 2,67
3949,Assistant 1,4
